aoi,date,ndvi_mean
atoquedo_point,2003-01-10,
atoquedo_point,2003-01-26,
atoquedo_point,2003-02-11,0.20196917945510814
atoquedo_point,2003-02-27,0.34509274707933113
atoquedo_point,2003-03-15,
atoquedo_point,2003-03-31,0.49938032782032055
atoquedo_point,2003-04-16,0.09369501882719948
atoquedo_point,2003-05-02,
atoquedo_point,2003-05-18,
atoquedo_point,2003-01-10,
atoquedo_point,2003-03-31,
atoquedo_point,2004-03-01,0.27050075323065215
atoquedo_point,2004-06-05,
atoquedo_point,2004-06-05,
atoquedo_point,2004-07-07,
atoquedo_point,2005-05-07,
atoquedo_point,2005-06-08,
atoquedo_point,2005-05-07,0.32496977119683507
atoquedo_point,2005-05-23,
atoquedo_point,2005-06-08,
atoquedo_point,2006-04-08,0.6162667164543888
atoquedo_point,2006-04-24,
atoquedo_point,2006-06-11,
atoquedo_point,2006-01-02,
atoquedo_point,2006-04-08,0.6814992534345912
atoquedo_point,2006-04-24,
atoquedo_point,2006-06-11,
atoquedo_point,2007-02-06,0.0047929645423982065
atoquedo_point,2007-03-10,
atoquedo_point,2007-05-29,
atoquedo_point,2007-02-06,0.0054627626598285186
atoquedo_point,2008-02-09,
atoquedo_point,2008-03-28,0.21632331016790812
atoquedo_point,2008-07-18,
atoquedo_point,2009-02-11,
atoquedo_point,2009-02-27,
atoquedo_point,2009-03-15,
atoquedo_point,2009-03-31,
atoquedo_point,2009-05-02,
atoquedo_point,2009-05-18,
atoquedo_point,2009-01-17,
atoquedo_point,2009-02-18,
atoquedo_point,2010-04-19,0.15329959073466043
atoquedo_point,2010-05-05,
atoquedo_point,2010-05-21,
atoquedo_point,2010-06-06,
atoquedo_point,2010-06-22,
atoquedo_point,2011-02-01,
atoquedo_point,2011-03-21,
atoquedo_point,2011-04-06,0.20319304905263874
atoquedo_point,2011-05-08,
atoquedo_point,2011-05-15,
atoquedo_point,2012-01-03,
atoquedo_point,2012-01-19,
atoquedo_point,2012-02-04,
atoquedo_point,2012-02-20,
atoquedo_point,2012-03-07,
atoquedo_point,2012-04-08,
atoquedo_point,2012-07-13,
atoquedo_point,2012-07-29,
atoquedo_point,2013-04-27,0.1880579281426544
atoquedo_point,2013-05-13,
atoquedo_point,2013-05-29,0.36748470393086663
atoquedo_point,2013-06-14,
atoquedo_point,2013-06-30,
atoquedo_point,2013-07-16,
atoquedo_point,2014-01-08,
atoquedo_point,2014-01-24,0.2501013475441613
atoquedo_point,2014-03-13,
atoquedo_point,2014-04-14,0.13867599787885973
atoquedo_point,2014-04-30,
atoquedo_point,2014-05-16,
atoquedo_point,2014-06-01,
atoquedo_point,2014-06-17,
atoquedo_point,2014-07-03,
atoquedo_point,2014-03-04,0.3130572110583845
atoquedo_point,2014-03-20,0.20379740709709854
atoquedo_point,2014-04-21,
atoquedo_point,2014-05-07,0.11445696858828493
atoquedo_point,2014-05-23,
atoquedo_point,2014-06-08,
atoquedo_point,2014-07-10,
atoquedo_point,2014-07-26,
la_ciervina_point,2003-01-10,0.6830970936404114
la_ciervina_point,2003-01-26,
la_ciervina_point,2003-02-11,0.05873513303651483
la_ciervina_point,2003-02-27,0.6369375317418362
la_ciervina_point,2003-03-15,
la_ciervina_point,2003-03-31,0.07635930412983524
la_ciervina_point,2003-04-16,
la_ciervina_point,2003-05-02,
la_ciervina_point,2003-05-18,
la_ciervina_point,2003-01-10,0.6945391954965723
la_ciervina_point,2003-01-26,
la_ciervina_point,2003-02-27,0.6420638002802435
la_ciervina_point,2003-03-31,0.07934280342251032
la_ciervina_point,2003-04-16,
la_ciervina_point,2003-05-02,
la_ciervina_point,2003-05-18,
la_ciervina_point,2003-02-02,0.6688752219985686
la_ciervina_point,2003-03-06,
la_ciervina_point,2003-03-22,
la_ciervina_point,2003-04-07,
la_ciervina_point,2003-05-09,
la_ciervina_point,2003-05-25,
la_ciervina_point,2004-03-01,0.18536751047541705
la_ciervina_point,2004-06-05,
la_ciervina_point,2004-06-05,
la_ciervina_point,2004-07-07,
la_ciervina_point,2004-01-04,0.6667362771554606
la_ciervina_point,2004-01-20,
la_ciervina_point,2004-04-25,
la_ciervina_point,2004-05-27,0.09705534050657498
la_ciervina_point,2004-06-12,
la_ciervina_point,2004-06-28,0.4058944957676452
la_ciervina_point,2005-05-07,
la_ciervina_point,2005-06-08,
la_ciervina_point,2005-02-16,
la_ciervina_point,2005-03-04,
la_ciervina_point,2005-05-07,
la_ciervina_point,2005-05-23,0.27281629980141364
la_ciervina_point,2005-06-08,
la_ciervina_point,2005-01-22,0.6199278629395854
la_ciervina_point,2005-03-11,
la_ciervina_point,2005-04-12,
la_ciervina_point,2005-07-01,
la_ciervina_point,2006-04-08,0.21620597348812381
la_ciervina_point,2006-04-24,
la_ciervina_point,2006-06-11,
la_ciervina_point,2006-01-02,0.7600537809847933
la_ciervina_point,2006-04-08,0.21546812571614551
la_ciervina_point,2006-04-24,
la_ciervina_point,2006-06-11,
la_ciervina_point,2006-01-09,
la_ciervina_point,2006-03-14,
la_ciervina_point,2006-06-02,
la_ciervina_point,2006-06-18,
la_ciervina_point,2006-07-20,
la_ciervina_point,2007-02-06,
la_ciervina_point,2007-03-10,
la_ciervina_point,2007-05-29,
la_ciervina_point,2007-02-06,
la_ciervina_point,2007-03-10,
la_ciervina_point,2007-05-29,
la_ciervina_point,2007-06-30,
la_ciervina_point,2007-03-17,
la_ciervina_point,2007-04-18,
la_ciervina_point,2008-02-09,0.6788611700955038
la_ciervina_point,2008-03-28,0.3809260617618095
la_ciervina_point,2008-07-18,
la_ciervina_point,2008-02-09,0.686155383820237
la_ciervina_point,2008-03-28,0.3814311256435259
la_ciervina_point,2008-07-18,
la_ciervina_point,2008-01-31,
la_ciervina_point,2008-04-04,
la_ciervina_point,2008-07-09,
la_ciervina_point,2009-02-11,0.6150436613703634
la_ciervina_point,2009-02-27,0.08512373893229476
la_ciervina_point,2009-03-15,
la_ciervina_point,2009-03-31,
la_ciervina_point,2009-05-02,
la_ciervina_point,2009-05-18,
la_ciervina_point,2009-01-10,0.5799632656007894
la_ciervina_point,2009-02-11,0.6196747510321253
la_ciervina_point,2009-02-27,0.09120331690368329
la_ciervina_point,2009-03-15,
la_ciervina_point,2009-03-31,
la_ciervina_point,2009-05-02,
la_ciervina_point,2009-05-18,
la_ciervina_point,2009-01-17,0.5796672850558288
la_ciervina_point,2009-02-18,
la_ciervina_point,2009-03-22,
la_ciervina_point,2009-07-28,
la_ciervina_point,2010-04-19,
la_ciervina_point,2010-05-05,
la_ciervina_point,2010-05-21,
la_ciervina_point,2010-06-06,
la_ciervina_point,2010-06-22,
la_ciervina_point,2010-05-05,
la_ciervina_point,2010-05-21,
la_ciervina_point,2010-06-06,
la_ciervina_point,2010-06-22,
la_ciervina_point,2010-03-09,
la_ciervina_point,2010-04-10,
la_ciervina_point,2011-02-01,0.6778228043602034
la_ciervina_point,2011-03-21,
la_ciervina_point,2011-04-06,
la_ciervina_point,2011-05-08,
la_ciervina_point,2011-02-01,0.6632171909411625
la_ciervina_point,2011-03-21,
la_ciervina_point,2011-04-06,
la_ciervina_point,2011-05-08,
la_ciervina_point,2011-05-24,
la_ciervina_point,2011-04-13,
la_ciervina_point,2011-04-29,
la_ciervina_point,2011-05-15,
la_ciervina_point,2012-01-03,0.6914255301177191
la_ciervina_point,2012-01-19,0.6647392565714634
la_ciervina_point,2012-02-04,0.6310916490257646
la_ciervina_point,2012-02-20,
la_ciervina_point,2012-03-07,
la_ciervina_point,2012-04-08,
la_ciervina_point,2012-07-13,
la_ciervina_point,2012-07-29,
la_ciervina_point,2012-01-03,0.6770205116701427
la_ciervina_point,2012-01-19,0.6875871073894116
la_ciervina_point,2012-02-04,0.6355130006186895
la_ciervina_point,2012-02-20,
la_ciervina_point,2012-03-07,
la_ciervina_point,2012-04-08,
la_ciervina_point,2012-04-24,
la_ciervina_point,2012-07-29,
la_ciervina_point,2012-02-11,0.621405219704106
la_ciervina_point,2012-02-27,
la_ciervina_point,2012-03-14,
la_ciervina_point,2012-04-15,0.4265620745811551
la_ciervina_point,2013-04-27,0.12543726999501673
la_ciervina_point,2013-05-13,
la_ciervina_point,2013-05-29,0.07430532043482753
la_ciervina_point,2013-06-14,
la_ciervina_point,2013-06-30,
la_ciervina_point,2013-07-16,
la_ciervina_point,2013-04-27,0.13069107419504128
la_ciervina_point,2013-05-13,
la_ciervina_point,2013-05-29,0.07626965917050149
la_ciervina_point,2013-06-14,
la_ciervina_point,2013-06-30,
la_ciervina_point,2013-03-01,
la_ciervina_point,2013-04-02,0.009742029199306435
la_ciervina_point,2013-04-18,
la_ciervina_point,2013-05-04,
la_ciervina_point,2013-05-20,0.49911795554448746
la_ciervina_point,2013-06-05,
la_ciervina_point,2014-01-08,0.37420160211485803
la_ciervina_point,2014-01-24,
la_ciervina_point,2014-03-13,
la_ciervina_point,2014-04-14,0.17723677225953044
la_ciervina_point,2014-04-30,
la_ciervina_point,2014-05-16,0.25066931751589294
la_ciervina_point,2014-06-01,
la_ciervina_point,2014-06-17,
la_ciervina_point,2014-07-03,
la_ciervina_point,2014-01-08,0.34752015945626885
la_ciervina_point,2014-01-24,
la_ciervina_point,2014-03-13,
la_ciervina_point,2014-04-14,0.17773311887359283
la_ciervina_point,2014-04-30,
la_ciervina_point,2014-05-16,0.2512473259638599
la_ciervina_point,2014-06-01,
la_ciervina_point,2014-06-17,
la_ciervina_point,2014-07-03,
la_ciervina_point,2014-01-31,
la_ciervina_point,2014-02-16,0.6998082205981445
la_ciervina_point,2014-03-04,0.6467962896361382
la_ciervina_point,2014-03-20,0.4952642796786521
la_ciervina_point,2014-04-21,0.18790609085976273
la_ciervina_point,2014-05-07,0.09206713002157929
la_ciervina_point,2014-05-23,
la_ciervina_point,2014-06-08,
la_ciervina_point,2014-07-10,
la_ciervina_point,2014-07-26,
la_villa_point,2003-01-10,0.6834582391853344
la_villa_point,2003-01-26,
la_villa_point,2003-02-11,0.10887019075463615
la_villa_point,2003-02-27,
la_villa_point,2003-03-15,
la_villa_point,2003-03-31,
la_villa_point,2003-04-16,0.5461476810591521
la_villa_point,2003-05-02,
la_villa_point,2003-05-18,
la_villa_point,2003-01-10,0.6880724628851114
la_villa_point,2003-02-02,
la_villa_point,2003-03-06,
la_villa_point,2003-03-22,0.2453291455338244
la_villa_point,2003-04-07,
la_villa_point,2003-05-09,
la_villa_point,2003-05-25,
la_villa_point,2004-03-01,0.2755608586524222
la_villa_point,2004-06-05,
la_villa_point,2004-06-05,
la_villa_point,2004-01-04,
la_villa_point,2004-01-20,
la_villa_point,2004-04-25,
la_villa_point,2004-05-27,
la_villa_point,2004-06-12,
la_villa_point,2004-06-28,0.20624375425571237
la_villa_point,2005-05-07,
la_villa_point,2005-06-08,
la_villa_point,2005-05-07,
la_villa_point,2005-05-23,
la_villa_point,2005-06-08,
la_villa_point,2005-01-22,0.8020198332235833
la_villa_point,2005-03-11,
la_villa_point,2005-04-12,0.7996659570984117
la_villa_point,2005-07-01,
la_villa_point,2006-04-08,0.04630323991019868
la_villa_point,2006-04-24,
la_villa_point,2006-06-11,
la_villa_point,2006-01-02,
la_villa_point,2006-04-08,0.046510563823271144
la_villa_point,2006-04-24,
la_villa_point,2006-06-11,
la_villa_point,2006-01-09,
la_villa_point,2006-03-14,
la_villa_point,2006-06-02,
la_villa_point,2006-06-18,
la_villa_point,2006-07-20,
la_villa_point,2007-02-06,
la_villa_point,2007-03-10,
la_villa_point,2007-05-29,
la_villa_point,2007-02-06,
la_villa_point,2007-03-17,
la_villa_point,2007-04-18,
la_villa_point,2008-02-09,
la_villa_point,2008-03-28,
la_villa_point,2008-07-18,
la_villa_point,2008-01-31,
la_villa_point,2008-04-04,
la_villa_point,2008-07-09,
la_villa_point,2009-02-11,
la_villa_point,2009-02-27,
la_villa_point,2009-03-15,
la_villa_point,2009-03-31,
la_villa_point,2009-05-02,
la_villa_point,2009-05-18,0.16988759838484563
la_villa_point,2009-01-17,
la_villa_point,2009-02-18,
la_villa_point,2009-03-22,
la_villa_point,2009-07-28,
la_villa_point,2010-04-19,0.2390840545525008
la_villa_point,2010-05-05,
la_villa_point,2010-05-21,
la_villa_point,2010-06-06,
la_villa_point,2010-06-22,
la_villa_point,2010-03-09,
la_villa_point,2010-04-10,
la_villa_point,2011-02-01,0.7292170883032314
la_villa_point,2011-03-21,
la_villa_point,2011-04-06,
la_villa_point,2011-05-08,0.5807495394884494
la_villa_point,2011-04-13,0.8234734518445922
la_villa_point,2011-04-29,
la_villa_point,2011-05-15,
la_villa_point,2012-01-03,
la_villa_point,2012-01-19,
la_villa_point,2012-02-04,
la_villa_point,2012-02-20,
la_villa_point,2012-03-07,
la_villa_point,2012-04-08,
la_villa_point,2012-07-13,
la_villa_point,2012-07-29,
la_villa_point,2012-02-11,
la_villa_point,2012-02-27,
la_villa_point,2012-03-14,
la_villa_point,2012-04-15,0.32031663116140874
la_villa_point,2013-04-27,
la_villa_point,2013-05-13,
la_villa_point,2013-05-29,
la_villa_point,2013-06-14,
la_villa_point,2013-06-30,
la_villa_point,2013-07-16,
la_villa_point,2013-03-01,
la_villa_point,2013-04-02,
la_villa_point,2013-04-18,
la_villa_point,2013-05-04,
la_villa_point,2013-05-20,0.15527417296123364
la_villa_point,2013-06-05,
la_villa_point,2014-01-08,0.07101292772669507
la_villa_point,2014-01-24,
la_villa_point,2014-03-13,
la_villa_point,2014-04-14,
la_villa_point,2014-04-30,
la_villa_point,2014-05-16,
la_villa_point,2014-06-01,
la_villa_point,2014-06-17,
la_villa_point,2014-07-03,
la_villa_point,2014-01-31,
la_villa_point,2014-02-16,
la_villa_point,2014-03-04,0.08934894726970599
la_villa_point,2014-03-20,
la_villa_point,2014-04-21,
la_villa_point,2014-05-07,0.13285836998310196
la_villa_point,2014-05-23,0.3638578728436057
la_villa_point,2014-06-08,
la_villa_point,2014-07-10,
la_villa_point,2014-07-26,
las_casillas_point,2003-01-10,
las_casillas_point,2003-01-26,0.33815603743625283
las_casillas_point,2003-02-27,0.25046640384818286
las_casillas_point,2003-03-31,
las_casillas_point,2003-04-16,0.2631464599582878
las_casillas_point,2003-05-02,0.21380973339416065
las_casillas_point,2003-05-18,
las_casillas_point,2003-02-02,
las_casillas_point,2003-03-06,
las_casillas_point,2003-03-22,
las_casillas_point,2003-04-07,
las_casillas_point,2003-05-09,
las_casillas_point,2003-05-25,
las_casillas_point,2003-01-17,
las_casillas_point,2003-02-02,
las_casillas_point,2003-03-06,
las_casillas_point,2003-03-22,
las_casillas_point,2003-04-07,
las_casillas_point,2003-05-09,
las_casillas_point,2003-05-25,
las_casillas_point,2004-06-05,
las_casillas_point,2004-07-07,0.30516053789518577
las_casillas_point,2004-01-04,
las_casillas_point,2004-01-20,
las_casillas_point,2004-04-25,
las_casillas_point,2004-05-27,
las_casillas_point,2004-06-12,
las_casillas_point,2004-06-28,
las_casillas_point,2004-01-04,
las_casillas_point,2004-01-20,
las_casillas_point,2004-04-25,
las_casillas_point,2004-05-27,
las_casillas_point,2004-06-12,
las_casillas_point,2004-06-28,
las_casillas_point,2005-02-16,
las_casillas_point,2005-03-04,
las_casillas_point,2005-05-07,
las_casillas_point,2005-05-23,
las_casillas_point,2005-06-08,
las_casillas_point,2005-01-22,
las_casillas_point,2005-03-11,
las_casillas_point,2005-04-12,
las_casillas_point,2005-07-01,
las_casillas_point,2005-01-22,
las_casillas_point,2005-03-11,
las_casillas_point,2005-04-12,
las_casillas_point,2005-04-28,
las_casillas_point,2005-05-14,0.20168275238623343
las_casillas_point,2005-07-01,
las_casillas_point,2006-01-02,
las_casillas_point,2006-04-08,
las_casillas_point,2006-04-24,
las_casillas_point,2006-06-11,
las_casillas_point,2006-01-09,
las_casillas_point,2006-03-14,0.5158143014484322
las_casillas_point,2006-06-02,
las_casillas_point,2006-06-18,
las_casillas_point,2006-07-20,
las_casillas_point,2006-01-09,
las_casillas_point,2006-03-14,
las_casillas_point,2006-06-02,
las_casillas_point,2006-06-18,
las_casillas_point,2006-07-20,
las_casillas_point,2007-02-06,
las_casillas_point,2007-03-10,0.46814836415130506
las_casillas_point,2007-05-29,
las_casillas_point,2007-06-30,
las_casillas_point,2007-03-17,
las_casillas_point,2007-04-18,
las_casillas_point,2007-03-17,
las_casillas_point,2007-04-18,
las_casillas_point,2008-02-09,
las_casillas_point,2008-03-28,0.2692963380727659
las_casillas_point,2008-07-18,
las_casillas_point,2008-01-31,
las_casillas_point,2008-04-04,
las_casillas_point,2008-07-09,
las_casillas_point,2008-01-31,
las_casillas_point,2008-04-04,
las_casillas_point,2009-01-10,
las_casillas_point,2009-02-11,
las_casillas_point,2009-02-27,0.3315687648857556
las_casillas_point,2009-03-15,
las_casillas_point,2009-03-31,
las_casillas_point,2009-05-02,
las_casillas_point,2009-05-18,
las_casillas_point,2009-01-17,
las_casillas_point,2009-02-18,
las_casillas_point,2009-03-22,
las_casillas_point,2009-07-28,
las_casillas_point,2009-01-17,
las_casillas_point,2009-02-18,
las_casillas_point,2009-03-22,
las_casillas_point,2009-04-23,
las_casillas_point,2009-07-28,
las_casillas_point,2010-05-05,
las_casillas_point,2010-05-21,
las_casillas_point,2010-06-06,
las_casillas_point,2010-06-22,
las_casillas_point,2010-03-09,
las_casillas_point,2010-04-10,
las_casillas_point,2010-03-09,
las_casillas_point,2010-04-10,
las_casillas_point,2010-04-26,
las_casillas_point,2011-02-01,
las_casillas_point,2011-03-21,
las_casillas_point,2011-04-06,
las_casillas_point,2011-05-08,
las_casillas_point,2011-05-24,
las_casillas_point,2011-04-13,
las_casillas_point,2011-04-29,0.1672527412380492
las_casillas_point,2011-05-15,
las_casillas_point,2011-04-13,
las_casillas_point,2011-05-15,
las_casillas_point,2012-01-03,
las_casillas_point,2012-01-19,
las_casillas_point,2012-02-04,
las_casillas_point,2012-02-20,
las_casillas_point,2012-03-07,
las_casillas_point,2012-04-08,
las_casillas_point,2012-04-24,
las_casillas_point,2012-07-29,
las_casillas_point,2012-02-11,
las_casillas_point,2012-02-27,
las_casillas_point,2012-03-14,0.30624321115766495
las_casillas_point,2012-04-15,
las_casillas_point,2012-01-26,0.16923829128708662
las_casillas_point,2012-02-11,
las_casillas_point,2012-02-27,
las_casillas_point,2012-03-14,0.3109052947541927
las_casillas_point,2012-04-15,
las_casillas_point,2012-05-17,0.10252899169922289
las_casillas_point,2012-07-20,
las_casillas_point,2013-04-27,
las_casillas_point,2013-05-13,
las_casillas_point,2013-05-29,
las_casillas_point,2013-06-14,
las_casillas_point,2013-06-30,
las_casillas_point,2013-03-01,
las_casillas_point,2013-04-02,
las_casillas_point,2013-04-18,
las_casillas_point,2013-05-04,
las_casillas_point,2013-05-20,0.45571002900591123
las_casillas_point,2013-06-05,0.3451906334750119
las_casillas_point,2013-03-01,
las_casillas_point,2013-04-02,
las_casillas_point,2013-04-18,
las_casillas_point,2013-05-04,
las_casillas_point,2013-05-20,0.490838918930316
las_casillas_point,2014-01-08,
las_casillas_point,2014-01-24,
las_casillas_point,2014-03-13,
las_casillas_point,2014-04-14,
las_casillas_point,2014-04-30,
las_casillas_point,2014-05-16,0.3145687016027373
las_casillas_point,2014-06-01,
las_casillas_point,2014-06-17,
las_casillas_point,2014-07-03,0.1170057449104412
las_casillas_point,2014-01-31,0.03890308852152317
las_casillas_point,2014-02-16,
las_casillas_point,2014-03-04,0.22634148296813517
las_casillas_point,2014-03-20,
las_casillas_point,2014-04-21,0.07597405336929565
las_casillas_point,2014-05-07,
las_casillas_point,2014-05-23,0.41105225368408854
las_casillas_point,2014-06-08,0.2101299942986161
las_casillas_point,2014-07-10,
las_casillas_point,2014-07-26,
las_casillas_point,2014-02-16,
las_casillas_point,2014-03-04,0.22648983714648835
las_casillas_point,2014-03-20,
las_casillas_point,2014-04-21,0.07825571871774144
las_casillas_point,2014-05-07,
las_casillas_point,2014-05-23,0.4077817848341066
las_casillas_point,2014-06-08,0.20300364572810184
las_casillas_point,2014-06-24,
las_casillas_point,2014-07-10,
las_casillas_point,2014-07-26,
valdelacasa_point,2003-01-10,0.768344523841084
valdelacasa_point,2003-01-26,
valdelacasa_point,2003-02-11,0.47472985446715155
valdelacasa_point,2003-02-27,
valdelacasa_point,2003-03-15,0.7341702871878633
valdelacasa_point,2003-03-31,0.8229420813204578
valdelacasa_point,2003-04-16,
valdelacasa_point,2003-05-02,
valdelacasa_point,2003-05-18,0.780427357046411
valdelacasa_point,2003-02-02,0.7444183891402714
valdelacasa_point,2003-03-06,0.7618067411619218
valdelacasa_point,2003-03-22,0.20909822232728242
valdelacasa_point,2003-04-07,0.828477201647566
valdelacasa_point,2003-05-09,0.7900770256932874
valdelacasa_point,2003-05-25,0.7440573424091651
valdelacasa_point,2004-03-01,0.7810848315321379
valdelacasa_point,2004-06-05,
valdelacasa_point,2004-01-04,
valdelacasa_point,2004-01-20,0.8023985186424671
valdelacasa_point,2004-04-25,
valdelacasa_point,2004-05-27,
valdelacasa_point,2004-06-12,
valdelacasa_point,2004-06-28,0.4477930415868976
valdelacasa_point,2005-05-07,
valdelacasa_point,2005-06-08,
valdelacasa_point,2005-01-22,
valdelacasa_point,2005-03-11,0.09878133468984614
valdelacasa_point,2005-04-12,
valdelacasa_point,2005-07-01,
valdelacasa_point,2006-04-08,0.8309881435430165
valdelacasa_point,2006-04-24,
valdelacasa_point,2006-06-11,
valdelacasa_point,2006-01-09,0.4829798778250892
valdelacasa_point,2006-03-14,
valdelacasa_point,2006-06-02,0.6713106138005452
valdelacasa_point,2006-06-18,
valdelacasa_point,2006-07-20,0.4879576677928632
valdelacasa_point,2007-02-06,0.001442883365789203
valdelacasa_point,2007-03-10,
valdelacasa_point,2007-05-29,
valdelacasa_point,2007-03-17,
valdelacasa_point,2007-04-18,
valdelacasa_point,2008-02-09,0.729461578367062
valdelacasa_point,2008-03-28,0.21574168632006493
valdelacasa_point,2008-07-18,
valdelacasa_point,2008-01-31,
valdelacasa_point,2008-04-04,
valdelacasa_point,2008-07-09,
valdelacasa_point,2009-02-11,0.7451172091224885
valdelacasa_point,2009-02-27,
valdelacasa_point,2009-03-15,
valdelacasa_point,2009-03-31,
valdelacasa_point,2009-05-02,
valdelacasa_point,2009-05-18,
valdelacasa_point,2009-01-17,
valdelacasa_point,2009-02-18,0.7384991150924185
valdelacasa_point,2009-03-22,
valdelacasa_point,2009-07-28,
valdelacasa_point,2010-04-19,0.32561382513155357
valdelacasa_point,2010-05-05,0.7892755500007529
valdelacasa_point,2010-05-21,
valdelacasa_point,2010-06-06,
valdelacasa_point,2010-06-22,
valdelacasa_point,2010-03-09,0.7736393514118363
valdelacasa_point,2010-04-10,0.7797248901823404
valdelacasa_point,2011-02-01,0.7364803510649683
valdelacasa_point,2011-03-21,
valdelacasa_point,2011-04-06,
valdelacasa_point,2011-05-08,0.5593210215048312
valdelacasa_point,2011-04-13,
valdelacasa_point,2011-04-29,
valdelacasa_point,2011-05-15,
valdelacasa_point,2012-01-03,0.7185839111598651
valdelacasa_point,2012-01-19,0.6905021493496627
valdelacasa_point,2012-02-04,0.6850836418317648
valdelacasa_point,2012-02-20,0.724308914753359
valdelacasa_point,2012-03-07,
valdelacasa_point,2012-04-08,
valdelacasa_point,2012-07-13,
valdelacasa_point,2012-07-29,
valdelacasa_point,2012-02-11,0.7286429940302205
valdelacasa_point,2012-02-27,
valdelacasa_point,2012-03-14,
valdelacasa_point,2012-04-15,
valdelacasa_point,2013-04-27,0.11763905491825688
valdelacasa_point,2013-05-13,
valdelacasa_point,2013-05-29,
valdelacasa_point,2013-06-14,
valdelacasa_point,2013-06-30,
valdelacasa_point,2013-07-16,
valdelacasa_point,2013-03-01,0.8016260253704445
valdelacasa_point,2013-04-02,0.10278936186254078
valdelacasa_point,2013-04-18,0.8353453047664173
valdelacasa_point,2013-05-04,
valdelacasa_point,2013-05-20,0.1949165554591138
valdelacasa_point,2013-06-05,
valdelacasa_point,2014-01-08,
valdelacasa_point,2014-01-24,0.22740047487558757
valdelacasa_point,2014-03-13,0.8295681895785234
valdelacasa_point,2014-04-14,0.36099566069181555
valdelacasa_point,2014-04-30,
valdelacasa_point,2014-05-16,
valdelacasa_point,2014-06-01,
valdelacasa_point,2014-06-17,
valdelacasa_point,2014-07-03,0.27789667564034765
valdelacasa_point,2014-01-31,
valdelacasa_point,2014-02-16,0.7651074516338336
valdelacasa_point,2014-03-04,
valdelacasa_point,2014-03-20,0.05163401135960617
valdelacasa_point,2014-04-21,
valdelacasa_point,2014-05-07,0.16423337623811582
valdelacasa_point,2014-05-23,0.5902968167565318
valdelacasa_point,2014-06-08,
valdelacasa_point,2014-07-10,
valdelacasa_point,2014-07-26,
la_cana_point,2003-01-10,0.6656851903391382
la_cana_point,2003-01-26,0.5308195324567562
la_cana_point,2003-02-27,0.647300961995116
la_cana_point,2003-03-31,
la_cana_point,2003-04-16,0.12924273451224907
la_cana_point,2003-05-02,0.7803787825384007
la_cana_point,2003-05-18,
la_cana_point,2003-01-17,0.730989839396919
la_cana_point,2003-02-02,
la_cana_point,2003-03-22,
la_cana_point,2004-06-05,
la_cana_point,2004-07-07,
la_cana_point,2005-02-16,
la_cana_point,2005-03-04,
la_cana_point,2005-05-07,
la_cana_point,2005-05-23,
la_cana_point,2005-06-08,
la_cana_point,2005-01-22,
la_cana_point,2005-04-12,
la_cana_point,2005-04-28,
la_cana_point,2005-07-01,
la_cana_point,2006-01-02,
la_cana_point,2006-04-08,
la_cana_point,2006-04-24,0.5280010813661553
la_cana_point,2006-06-11,
la_cana_point,2006-01-09,
la_cana_point,2007-02-06,0.34063394025248134
la_cana_point,2007-03-10,
la_cana_point,2007-05-29,
la_cana_point,2007-06-30,
la_cana_point,2008-02-09,
la_cana_point,2008-03-28,0.17712811299179457
la_cana_point,2008-07-18,
la_cana_point,2008-01-31,
la_cana_point,2008-04-04,
la_cana_point,2009-01-10,0.7122800074757584
la_cana_point,2009-02-11,
la_cana_point,2009-02-27,0.3661198679812141
la_cana_point,2009-03-15,
la_cana_point,2009-03-31,
la_cana_point,2009-05-02,0.8151347020319906
la_cana_point,2009-05-18,
la_cana_point,2009-01-17,
la_cana_point,2009-02-18,
la_cana_point,2009-03-22,
la_cana_point,2009-07-28,
la_cana_point,2010-05-05,
la_cana_point,2010-05-21,
la_cana_point,2010-06-06,
la_cana_point,2010-06-22,
la_cana_point,2010-04-26,
la_cana_point,2011-02-01,
la_cana_point,2011-03-21,
la_cana_point,2011-04-06,
la_cana_point,2011-05-08,
la_cana_point,2011-05-24,
la_cana_point,2011-04-13,0.828834114622713
la_cana_point,2011-05-15,
la_cana_point,2012-01-03,
la_cana_point,2012-01-19,
la_cana_point,2012-02-04,
la_cana_point,2012-02-20,
la_cana_point,2012-03-07,
la_cana_point,2012-04-08,
la_cana_point,2012-04-24,
la_cana_point,2012-07-29,
la_cana_point,2012-01-26,0.4623809627357497
la_cana_point,2012-02-11,
la_cana_point,2012-02-27,
la_cana_point,2012-03-14,
la_cana_point,2012-04-15,0.45751031033802536
la_cana_point,2012-07-20,
la_cana_point,2013-04-27,
la_cana_point,2013-05-13,
la_cana_point,2013-05-29,
la_cana_point,2013-06-14,0.6619440365157107
la_cana_point,2013-06-30,
la_cana_point,2013-03-01,
la_cana_point,2013-04-02,0.7881845883424056
la_cana_point,2013-04-18,
la_cana_point,2013-05-04,
la_cana_point,2013-05-20,0.15927347501947883
la_cana_point,2014-01-08,
la_cana_point,2014-01-24,0.20871480632355308
la_cana_point,2014-03-13,
la_cana_point,2014-04-14,0.3603670107208406
la_cana_point,2014-04-30,
la_cana_point,2014-05-16,0.401037179309872
la_cana_point,2014-06-01,
la_cana_point,2014-06-17,
la_cana_point,2014-07-03,
la_cana_point,2014-02-16,0.7988319576389971
la_cana_point,2014-03-04,0.23535240713940092
la_cana_point,2014-03-20,
la_cana_point,2014-04-21,
la_cana_point,2014-05-07,
la_cana_point,2014-05-23,
la_cana_point,2014-06-08,
la_cana_point,2014-06-24,
la_cana_point,2014-07-10,
la_cana_point,2014-07-26,
deheson_C2_point,2003-01-10,0.7480208138092306
deheson_C2_point,2003-01-26,0.1882342751280569
deheson_C2_point,2003-02-11,
deheson_C2_point,2003-02-27,0.6724490602313207
deheson_C2_point,2003-03-15,
deheson_C2_point,2003-03-31,0.7675235118492035
deheson_C2_point,2003-04-16,
deheson_C2_point,2003-05-02,0.7589156944916374
deheson_C2_point,2003-05-18,
deheson_C2_point,2004-03-01,
deheson_C2_point,2004-06-05,
deheson_C2_point,2005-05-07,
deheson_C2_point,2005-06-08,
deheson_C2_point,2006-04-08,0.7513033631575085
deheson_C2_point,2006-04-24,
deheson_C2_point,2006-06-11,
deheson_C2_point,2007-02-06,0.0015168025243872173
deheson_C2_point,2007-03-10,
deheson_C2_point,2007-05-29,
deheson_C2_point,2008-02-09,
deheson_C2_point,2008-03-28,
deheson_C2_point,2008-07-18,
deheson_C2_point,2009-02-11,
deheson_C2_point,2009-02-27,
deheson_C2_point,2009-03-15,
deheson_C2_point,2009-03-31,0.31095313556036175
deheson_C2_point,2009-05-02,
deheson_C2_point,2009-05-18,
deheson_C2_point,2010-04-19,0.7515192939183668
deheson_C2_point,2010-05-05,
deheson_C2_point,2010-05-21,
deheson_C2_point,2010-06-06,
deheson_C2_point,2010-06-22,
deheson_C2_point,2011-02-01,
deheson_C2_point,2011-03-21,
deheson_C2_point,2011-04-06,
deheson_C2_point,2011-05-08,0.5924384464819202
deheson_C2_point,2012-01-03,
deheson_C2_point,2012-01-19,
deheson_C2_point,2012-02-04,
deheson_C2_point,2012-02-20,
deheson_C2_point,2012-03-07,
deheson_C2_point,2012-04-08,
deheson_C2_point,2012-07-13,
deheson_C2_point,2012-07-29,
deheson_C2_point,2013-04-27,0.34822224834866905
deheson_C2_point,2013-05-13,
deheson_C2_point,2013-05-29,
deheson_C2_point,2013-06-14,
deheson_C2_point,2013-06-30,
deheson_C2_point,2013-07-16,
deheson_C2_point,2014-02-02,
deheson_C2_point,2014-01-08,
deheson_C2_point,2014-01-24,0.2208485087383881
deheson_C2_point,2014-03-13,0.40904479936883087
deheson_C2_point,2014-04-14,
deheson_C2_point,2014-04-30,
deheson_C2_point,2014-05-16,
deheson_C2_point,2014-06-01,
deheson_C2_point,2014-06-17,
deheson_C2_point,2014-07-03,
deheson_C5_point,2003-01-10,0.6941233603960352
deheson_C5_point,2003-01-26,0.26114358855357905
deheson_C5_point,2003-02-11,0.6386352896384622
deheson_C5_point,2003-02-27,0.630935102762346
deheson_C5_point,2003-03-15,
deheson_C5_point,2003-03-31,0.7046799146140909
deheson_C5_point,2003-04-16,0.0512832171648093
deheson_C5_point,2003-05-02,
deheson_C5_point,2003-05-18,
deheson_C5_point,2004-03-01,
deheson_C5_point,2004-06-05,
deheson_C5_point,2005-05-07,
deheson_C5_point,2005-06-08,
deheson_C5_point,2006-04-08,0.7935319013016052
deheson_C5_point,2006-04-24,
deheson_C5_point,2006-06-11,
deheson_C5_point,2007-02-06,-6.922463293322948E-4
deheson_C5_point,2007-03-10,
deheson_C5_point,2007-05-29,
deheson_C5_point,2008-02-09,
deheson_C5_point,2008-03-28,
deheson_C5_point,2008-07-18,
deheson_C5_point,2009-02-11,
deheson_C5_point,2009-02-27,
deheson_C5_point,2009-03-15,
deheson_C5_point,2009-03-31,
deheson_C5_point,2009-05-02,
deheson_C5_point,2009-05-18,
deheson_C5_point,2010-03-11,
deheson_C5_point,2010-03-27,
deheson_C5_point,2010-04-19,0.32535755413912515
deheson_C5_point,2010-05-05,
deheson_C5_point,2010-05-21,
deheson_C5_point,2010-06-06,
deheson_C5_point,2010-06-22,
deheson_C5_point,2011-02-01,
deheson_C5_point,2011-03-21,0.6114060575929046
deheson_C5_point,2011-04-06,
deheson_C5_point,2011-05-08,
deheson_C5_point,2012-01-03,0.6924684612091759
deheson_C5_point,2012-01-19,
deheson_C5_point,2012-02-04,
deheson_C5_point,2012-02-20,
deheson_C5_point,2012-03-07,
deheson_C5_point,2012-04-08,
deheson_C5_point,2012-07-13,
deheson_C5_point,2012-07-29,
deheson_C5_point,2013-04-27,0.24234693585916967
deheson_C5_point,2013-05-13,0.707295195644824
deheson_C5_point,2013-05-29,
deheson_C5_point,2013-06-14,
deheson_C5_point,2013-06-30,0.3209625134711643
deheson_C5_point,2013-07-16,
deheson_C5_point,2014-02-02,
deheson_C5_point,2014-01-08,0.6211110168027978
deheson_C5_point,2014-01-24,0.6495855334247004
deheson_C5_point,2014-03-13,
deheson_C5_point,2014-04-14,
deheson_C5_point,2014-04-30,0.6043638965064981
deheson_C5_point,2014-05-16,
deheson_C5_point,2014-06-01,
deheson_C5_point,2014-06-17,
deheson_C5_point,2014-07-03,
deheson_S3_point,2003-01-10,
deheson_S3_point,2003-01-26,0.2905793036436617
deheson_S3_point,2003-02-11,0.40612054565259387
deheson_S3_point,2003-02-27,0.6808273667462212
deheson_S3_point,2003-03-15,
deheson_S3_point,2003-03-31,
deheson_S3_point,2003-04-16,0.04656832593847363
deheson_S3_point,2003-05-02,
deheson_S3_point,2003-05-18,0.5032130222244969
deheson_S3_point,2004-03-01,
deheson_S3_point,2004-06-05,0.4799329446411828
deheson_S3_point,2005-05-07,0.38405069074867515
deheson_S3_point,2005-06-08,0.2640945886859559
deheson_S3_point,2006-04-08,
deheson_S3_point,2006-04-24,
deheson_S3_point,2006-06-11,
deheson_S3_point,2007-02-06,-0.005099813034953622
deheson_S3_point,2007-03-10,
deheson_S3_point,2007-05-29,0.4573042588150974
deheson_S3_point,2008-01-01,
deheson_S3_point,2008-02-09,
deheson_S3_point,2008-03-28,
deheson_S3_point,2008-07-18,
deheson_S3_point,2009-04-25,
deheson_S3_point,2009-05-27,
deheson_S3_point,2009-06-12,
deheson_S3_point,2009-02-11,
deheson_S3_point,2009-02-27,
deheson_S3_point,2009-03-15,
deheson_S3_point,2009-03-31,
deheson_S3_point,2009-05-02,
deheson_S3_point,2009-05-18,0.36469285313845246
deheson_S3_point,2010-03-11,
deheson_S3_point,2010-03-27,
deheson_S3_point,2010-04-12,
deheson_S3_point,2010-04-19,0.6189862803231125
deheson_S3_point,2010-05-05,0.6495024742072637
deheson_S3_point,2010-05-21,
deheson_S3_point,2010-06-06,0.40131894333746226
deheson_S3_point,2010-06-22,0.3481682983749867
deheson_S3_point,2011-02-01,
deheson_S3_point,2011-03-21,
deheson_S3_point,2011-04-06,
deheson_S3_point,2011-05-08,
deheson_S3_point,2012-01-03,
deheson_S3_point,2012-01-19,
deheson_S3_point,2012-02-04,
deheson_S3_point,2012-02-20,
deheson_S3_point,2012-03-07,
deheson_S3_point,2012-04-08,
deheson_S3_point,2012-07-13,
deheson_S3_point,2012-07-29,
deheson_S3_point,2013-04-27,0.2856913501096803
deheson_S3_point,2013-05-13,
deheson_S3_point,2013-05-29,
deheson_S3_point,2013-06-14,
deheson_S3_point,2013-06-30,0.3254488346510197
deheson_S3_point,2013-07-16,
deheson_S3_point,2014-01-17,
deheson_S3_point,2014-02-02,
deheson_S3_point,2014-01-08,
deheson_S3_point,2014-01-24,
deheson_S3_point,2014-03-13,
deheson_S3_point,2014-04-14,
deheson_S3_point,2014-04-30,
deheson_S3_point,2014-05-16,0.40933398424908485
deheson_S3_point,2014-06-01,0.3457563725230544
deheson_S3_point,2014-06-17,0.2911007209185479
deheson_S3_point,2014-07-03,
deheson_S7_point,2003-01-10,
deheson_S7_point,2003-01-26,
deheson_S7_point,2003-02-11,0.27110115103213484
deheson_S7_point,2003-02-27,
deheson_S7_point,2003-03-15,
deheson_S7_point,2003-03-31,
deheson_S7_point,2003-04-16,0.0400358688271012
deheson_S7_point,2003-05-02,
deheson_S7_point,2003-05-18,
deheson_S7_point,2004-03-01,
deheson_S7_point,2004-06-05,
deheson_S7_point,2005-05-07,0.4112888109706061
deheson_S7_point,2005-06-08,
deheson_S7_point,2006-04-08,0.8491020560808967
deheson_S7_point,2006-04-24,
deheson_S7_point,2006-06-11,
deheson_S7_point,2007-02-06,-9.279480953044806E-4
deheson_S7_point,2007-03-10,
deheson_S7_point,2007-05-29,
deheson_S7_point,2008-01-01,
deheson_S7_point,2008-06-25,
deheson_S7_point,2008-02-09,
deheson_S7_point,2008-03-28,
deheson_S7_point,2008-07-18,
deheson_S7_point,2009-04-09,
deheson_S7_point,2009-04-25,
deheson_S7_point,2009-05-27,
deheson_S7_point,2009-06-12,
deheson_S7_point,2009-06-28,0.13740139566546172
deheson_S7_point,2009-02-11,
deheson_S7_point,2009-02-27,
deheson_S7_point,2009-03-15,
deheson_S7_point,2009-03-31,
deheson_S7_point,2009-05-02,
deheson_S7_point,2009-05-18,
deheson_S7_point,2010-03-11,
deheson_S7_point,2010-03-27,
deheson_S7_point,2010-04-12,
deheson_S7_point,2010-04-28,
deheson_S7_point,2010-04-19,0.4610658674369118
deheson_S7_point,2010-05-05,
deheson_S7_point,2010-05-21,
deheson_S7_point,2010-06-06,
deheson_S7_point,2010-06-22,
deheson_S7_point,2011-02-01,
deheson_S7_point,2011-03-21,
deheson_S7_point,2011-04-06,
deheson_S7_point,2011-05-08,
deheson_S7_point,2012-01-03,
deheson_S7_point,2012-01-19,
deheson_S7_point,2012-02-04,
deheson_S7_point,2012-02-20,
deheson_S7_point,2012-03-07,
deheson_S7_point,2012-04-08,
deheson_S7_point,2012-07-13,
deheson_S7_point,2012-07-29,
deheson_S7_point,2013-05-22,
deheson_S7_point,2013-04-27,0.18028969452195587
deheson_S7_point,2013-05-13,
deheson_S7_point,2013-05-29,
deheson_S7_point,2013-06-14,
deheson_S7_point,2013-06-30,
deheson_S7_point,2013-07-16,
deheson_S7_point,2014-01-17,6.476540152147114E-4
deheson_S7_point,2014-02-02,
deheson_S7_point,2014-01-08,
deheson_S7_point,2014-01-24,0.23791621717197958
deheson_S7_point,2014-03-13,
deheson_S7_point,2014-04-14,
deheson_S7_point,2014-04-30,
deheson_S7_point,2014-05-16,
deheson_S7_point,2014-06-01,
deheson_S7_point,2014-06-17,
deheson_S7_point,2014-07-03,
deheson_O6_point,2003-01-10,
deheson_O6_point,2003-01-26,0.2829231676684049
deheson_O6_point,2003-02-11,0.572873476567408
deheson_O6_point,2003-02-27,0.577793302594197
deheson_O6_point,2003-03-15,
deheson_O6_point,2003-03-31,
deheson_O6_point,2003-04-16,0.059074001641980595
deheson_O6_point,2003-05-02,
deheson_O6_point,2003-05-18,
deheson_O6_point,2004-03-01,
deheson_O6_point,2004-06-05,
deheson_O6_point,2005-05-07,
deheson_O6_point,2005-06-08,
deheson_O6_point,2006-04-08,
deheson_O6_point,2006-04-24,
deheson_O6_point,2006-06-11,
deheson_O6_point,2007-02-06,8.133690915086353E-4
deheson_O6_point,2007-03-10,
deheson_O6_point,2007-05-29,
deheson_O6_point,2008-02-09,
deheson_O6_point,2008-03-28,
deheson_O6_point,2008-07-18,
deheson_O6_point,2009-02-11,
deheson_O6_point,2009-02-27,
deheson_O6_point,2009-03-15,
deheson_O6_point,2009-03-31,
deheson_O6_point,2009-05-02,
deheson_O6_point,2009-05-18,
deheson_O6_point,2010-03-11,
deheson_O6_point,2010-03-27,
deheson_O6_point,2010-04-19,
deheson_O6_point,2010-05-05,
deheson_O6_point,2010-05-21,
deheson_O6_point,2010-06-06,
deheson_O6_point,2010-06-22,
deheson_O6_point,2011-02-01,
deheson_O6_point,2011-03-21,
deheson_O6_point,2011-04-06,
deheson_O6_point,2011-05-08,
deheson_O6_point,2012-01-03,
deheson_O6_point,2012-01-19,
deheson_O6_point,2012-02-04,
deheson_O6_point,2012-02-20,
deheson_O6_point,2012-03-07,
deheson_O6_point,2012-04-08,
deheson_O6_point,2012-07-13,
deheson_O6_point,2012-07-29,
deheson_O6_point,2013-04-27,0.24672889106063747
deheson_O6_point,2013-05-13,
deheson_O6_point,2013-05-29,
deheson_O6_point,2013-06-14,
deheson_O6_point,2013-06-30,
deheson_O6_point,2013-07-16,
deheson_O6_point,2014-02-02,
deheson_O6_point,2014-01-08,
deheson_O6_point,2014-01-24,0.4889793372640098
deheson_O6_point,2014-03-13,
deheson_O6_point,2014-04-14,
deheson_O6_point,2014-04-30,
deheson_O6_point,2014-05-16,
deheson_O6_point,2014-06-01,
deheson_O6_point,2014-06-17,
deheson_O6_point,2014-07-03,
deheson_W1_point,2003-01-10,0.6870146351873484
deheson_W1_point,2003-01-26,0.21787579109258243
deheson_W1_point,2003-02-11,0.19308307699520869
deheson_W1_point,2003-02-27,0.5665265101015279
deheson_W1_point,2003-03-15,
deheson_W1_point,2003-03-31,
deheson_W1_point,2003-04-16,0.03742401679203654
deheson_W1_point,2003-05-02,
deheson_W1_point,2003-05-18,
deheson_W1_point,2004-03-01,
deheson_W1_point,2004-06-05,
deheson_W1_point,2005-05-07,
deheson_W1_point,2005-06-08,
deheson_W1_point,2006-04-08,0.24024951276422993
deheson_W1_point,2006-04-24,
deheson_W1_point,2006-06-11,
deheson_W1_point,2007-02-06,2.543338278159651E-4
deheson_W1_point,2007-03-10,
deheson_W1_point,2007-05-29,
deheson_W1_point,2008-02-09,
deheson_W1_point,2008-03-28,
deheson_W1_point,2008-07-18,
deheson_W1_point,2009-02-11,
deheson_W1_point,2009-02-27,
deheson_W1_point,2009-03-15,
deheson_W1_point,2009-03-31,
deheson_W1_point,2009-05-02,
deheson_W1_point,2009-05-18,
deheson_W1_point,2010-04-19,0.4117070577170753
deheson_W1_point,2010-05-05,
deheson_W1_point,2010-05-21,
deheson_W1_point,2010-06-06,
deheson_W1_point,2010-06-22,
deheson_W1_point,2011-02-01,0.6397982891540819
deheson_W1_point,2011-03-21,
deheson_W1_point,2011-04-06,0.32852541049984024
deheson_W1_point,2011-05-08,
deheson_W1_point,2012-01-03,0.6480419547180397
deheson_W1_point,2012-01-19,
deheson_W1_point,2012-02-04,
deheson_W1_point,2012-02-20,
deheson_W1_point,2012-03-07,
deheson_W1_point,2012-04-08,
deheson_W1_point,2012-07-13,
deheson_W1_point,2012-07-29,
deheson_W1_point,2013-04-27,0.4780118474613376
deheson_W1_point,2013-05-13,
deheson_W1_point,2013-05-29,
deheson_W1_point,2013-06-14,
deheson_W1_point,2013-06-30,
deheson_W1_point,2013-07-16,
deheson_W1_point,2014-02-02,
deheson_W1_point,2014-01-08,0.5998643213605018
deheson_W1_point,2014-01-24,0.3203902287500556
deheson_W1_point,2014-03-13,
deheson_W1_point,2014-04-14,
deheson_W1_point,2014-04-30,
deheson_W1_point,2014-05-16,
deheson_W1_point,2014-06-01,
deheson_W1_point,2014-06-17,
deheson_W1_point,2014-07-03,
deheson_W4_point,2003-01-10,0.6053972685754144
deheson_W4_point,2003-01-26,0.2507172918638382
deheson_W4_point,2003-02-11,0.6265404442382905
deheson_W4_point,2003-02-27,0.6020298803204374
deheson_W4_point,2003-03-15,
deheson_W4_point,2003-03-31,
deheson_W4_point,2003-04-16,
deheson_W4_point,2003-05-02,
deheson_W4_point,2003-05-18,
deheson_W4_point,2004-03-01,
deheson_W4_point,2004-06-05,
deheson_W4_point,2005-05-07,
deheson_W4_point,2005-06-08,
deheson_W4_point,2006-04-08,
deheson_W4_point,2006-04-24,
deheson_W4_point,2006-06-11,
deheson_W4_point,2007-02-06,0.0019061362959198738
deheson_W4_point,2007-03-10,
deheson_W4_point,2007-05-29,
deheson_W4_point,2008-02-09,
deheson_W4_point,2008-03-28,
deheson_W4_point,2008-07-18,
deheson_W4_point,2009-02-11,
deheson_W4_point,2009-02-27,
deheson_W4_point,2009-03-15,
deheson_W4_point,2009-03-31,
deheson_W4_point,2009-05-02,
deheson_W4_point,2009-05-18,
deheson_W4_point,2010-04-19,
deheson_W4_point,2010-05-05,
deheson_W4_point,2010-05-21,
deheson_W4_point,2010-06-06,
deheson_W4_point,2010-06-22,
deheson_W4_point,2011-02-01,
deheson_W4_point,2011-03-21,
deheson_W4_point,2011-04-06,0.3465754892493819
deheson_W4_point,2011-05-08,
deheson_W4_point,2012-01-03,0.6294259706031956
deheson_W4_point,2012-01-19,0.655162410921961
deheson_W4_point,2012-02-04,
deheson_W4_point,2012-02-20,
deheson_W4_point,2012-03-07,
deheson_W4_point,2012-04-08,
deheson_W4_point,2012-07-13,
deheson_W4_point,2012-07-29,
deheson_W4_point,2013-04-27,0.6756298807228741
deheson_W4_point,2013-05-13,
deheson_W4_point,2013-05-29,
deheson_W4_point,2013-06-14,
deheson_W4_point,2013-06-30,
deheson_W4_point,2013-07-16,
deheson_W4_point,2014-02-02,
deheson_W4_point,2014-01-08,0.6650877654141818
deheson_W4_point,2014-01-24,0.6456891638850444
deheson_W4_point,2014-03-13,0.4234074046178367
deheson_W4_point,2014-04-14,
deheson_W4_point,2014-04-30,
deheson_W4_point,2014-05-16,
deheson_W4_point,2014-06-01,
deheson_W4_point,2014-06-17,
deheson_W4_point,2014-07-03,
