"","r_name","aoi_name","values","date","variable","SSP"
"1","CHELSA_mpi-esm1-2-hr_r1i1p1f1_w5e5_ssp126_pr_01_2041_2070_norm","atoquedo",80,"01_2041","pr","ssp126"
"2","CHELSA_mpi-esm1-2-hr_r1i1p1f1_w5e5_ssp126_pr_01_2041_2070_norm","la_cana",58.8,"01_2041","pr","ssp126"
"3","CHELSA_mpi-esm1-2-hr_r1i1p1f1_w5e5_ssp126_pr_01_2041_2070_norm","la_ciervina",73.8,"01_2041","pr","ssp126"
"4","CHELSA_mpi-esm1-2-hr_r1i1p1f1_w5e5_ssp126_pr_01_2041_2070_norm","las_casillas",58.1,"01_2041","pr","ssp126"
"5","CHELSA_mpi-esm1-2-hr_r1i1p1f1_w5e5_ssp126_pr_01_2041_2070_norm","la_villa",76.3,"01_2041","pr","ssp126"
"6","CHELSA_mpi-esm1-2-hr_r1i1p1f1_w5e5_ssp126_pr_01_2041_2070_norm","valdelacasa",86.4,"01_2041","pr","ssp126"
"7","CHELSA_mpi-esm1-2-hr_r1i1p1f1_w5e5_ssp126_pr_01_2041_2070_norm","deheson_S3",82.3,"01_2041","pr","ssp126"
"8","CHELSA_mpi-esm1-2-hr_r1i1p1f1_w5e5_ssp126_pr_01_2041_2070_norm","deheson_W1",86.6,"01_2041","pr","ssp126"
"9","CHELSA_mpi-esm1-2-hr_r1i1p1f1_w5e5_ssp126_pr_01_2041_2070_norm","deheson_C2",82.8,"01_2041","pr","ssp126"
"10","CHELSA_mpi-esm1-2-hr_r1i1p1f1_w5e5_ssp126_pr_01_2041_2070_norm","deheson_S7",79.3,"01_2041","pr","ssp126"
"11","CHELSA_mpi-esm1-2-hr_r1i1p1f1_w5e5_ssp126_pr_01_2041_2070_norm","deheson_C5",80.7,"01_2041","pr","ssp126"
"12","CHELSA_mpi-esm1-2-hr_r1i1p1f1_w5e5_ssp126_pr_01_2041_2070_norm","deheson_W4",80.9,"01_2041","pr","ssp126"
"13","CHELSA_mpi-esm1-2-hr_r1i1p1f1_w5e5_ssp126_pr_01_2041_2070_norm","deheson_O6",80.7,"01_2041","pr","ssp126"
"14","CHELSA_mpi-esm1-2-hr_r1i1p1f1_w5e5_ssp126_pr_02_2041_2070_norm","atoquedo",86.4,"02_2041","pr","ssp126"
"15","CHELSA_mpi-esm1-2-hr_r1i1p1f1_w5e5_ssp126_pr_02_2041_2070_norm","la_cana",67.8,"02_2041","pr","ssp126"
"16","CHELSA_mpi-esm1-2-hr_r1i1p1f1_w5e5_ssp126_pr_02_2041_2070_norm","la_ciervina",82.4,"02_2041","pr","ssp126"
"17","CHELSA_mpi-esm1-2-hr_r1i1p1f1_w5e5_ssp126_pr_02_2041_2070_norm","las_casillas",68.7,"02_2041","pr","ssp126"
"18","CHELSA_mpi-esm1-2-hr_r1i1p1f1_w5e5_ssp126_pr_02_2041_2070_norm","la_villa",85.9,"02_2041","pr","ssp126"
"19","CHELSA_mpi-esm1-2-hr_r1i1p1f1_w5e5_ssp126_pr_02_2041_2070_norm","valdelacasa",87,"02_2041","pr","ssp126"
"20","CHELSA_mpi-esm1-2-hr_r1i1p1f1_w5e5_ssp126_pr_02_2041_2070_norm","deheson_S3",78.9,"02_2041","pr","ssp126"
"21","CHELSA_mpi-esm1-2-hr_r1i1p1f1_w5e5_ssp126_pr_02_2041_2070_norm","deheson_W1",82.4,"02_2041","pr","ssp126"
"22","CHELSA_mpi-esm1-2-hr_r1i1p1f1_w5e5_ssp126_pr_02_2041_2070_norm","deheson_C2",79.4,"02_2041","pr","ssp126"
"23","CHELSA_mpi-esm1-2-hr_r1i1p1f1_w5e5_ssp126_pr_02_2041_2070_norm","deheson_S7",76.4,"02_2041","pr","ssp126"
"24","CHELSA_mpi-esm1-2-hr_r1i1p1f1_w5e5_ssp126_pr_02_2041_2070_norm","deheson_C5",77.8,"02_2041","pr","ssp126"
"25","CHELSA_mpi-esm1-2-hr_r1i1p1f1_w5e5_ssp126_pr_02_2041_2070_norm","deheson_W4",78,"02_2041","pr","ssp126"
"26","CHELSA_mpi-esm1-2-hr_r1i1p1f1_w5e5_ssp126_pr_02_2041_2070_norm","deheson_O6",77.8,"02_2041","pr","ssp126"
"27","CHELSA_mpi-esm1-2-hr_r1i1p1f1_w5e5_ssp126_pr_03_2041_2070_norm","atoquedo",59.7,"03_2041","pr","ssp126"
"28","CHELSA_mpi-esm1-2-hr_r1i1p1f1_w5e5_ssp126_pr_03_2041_2070_norm","la_cana",47.5,"03_2041","pr","ssp126"
"29","CHELSA_mpi-esm1-2-hr_r1i1p1f1_w5e5_ssp126_pr_03_2041_2070_norm","la_ciervina",56.3,"03_2041","pr","ssp126"
"30","CHELSA_mpi-esm1-2-hr_r1i1p1f1_w5e5_ssp126_pr_03_2041_2070_norm","las_casillas",45.1,"03_2041","pr","ssp126"
"31","CHELSA_mpi-esm1-2-hr_r1i1p1f1_w5e5_ssp126_pr_03_2041_2070_norm","la_villa",54.7,"03_2041","pr","ssp126"
"32","CHELSA_mpi-esm1-2-hr_r1i1p1f1_w5e5_ssp126_pr_03_2041_2070_norm","valdelacasa",59.5,"03_2041","pr","ssp126"
"33","CHELSA_mpi-esm1-2-hr_r1i1p1f1_w5e5_ssp126_pr_03_2041_2070_norm","deheson_S3",58.7,"03_2041","pr","ssp126"
"34","CHELSA_mpi-esm1-2-hr_r1i1p1f1_w5e5_ssp126_pr_03_2041_2070_norm","deheson_W1",61.8,"03_2041","pr","ssp126"
"35","CHELSA_mpi-esm1-2-hr_r1i1p1f1_w5e5_ssp126_pr_03_2041_2070_norm","deheson_C2",58.9,"03_2041","pr","ssp126"
"36","CHELSA_mpi-esm1-2-hr_r1i1p1f1_w5e5_ssp126_pr_03_2041_2070_norm","deheson_S7",56.7,"03_2041","pr","ssp126"
"37","CHELSA_mpi-esm1-2-hr_r1i1p1f1_w5e5_ssp126_pr_03_2041_2070_norm","deheson_C5",57.7,"03_2041","pr","ssp126"
"38","CHELSA_mpi-esm1-2-hr_r1i1p1f1_w5e5_ssp126_pr_03_2041_2070_norm","deheson_W4",57.7,"03_2041","pr","ssp126"
"39","CHELSA_mpi-esm1-2-hr_r1i1p1f1_w5e5_ssp126_pr_03_2041_2070_norm","deheson_O6",57.7,"03_2041","pr","ssp126"
"40","CHELSA_mpi-esm1-2-hr_r1i1p1f1_w5e5_ssp126_pr_04_2041_2070_norm","atoquedo",97.6,"04_2041","pr","ssp126"
"41","CHELSA_mpi-esm1-2-hr_r1i1p1f1_w5e5_ssp126_pr_04_2041_2070_norm","la_cana",79.9,"04_2041","pr","ssp126"
"42","CHELSA_mpi-esm1-2-hr_r1i1p1f1_w5e5_ssp126_pr_04_2041_2070_norm","la_ciervina",91.4,"04_2041","pr","ssp126"
"43","CHELSA_mpi-esm1-2-hr_r1i1p1f1_w5e5_ssp126_pr_04_2041_2070_norm","las_casillas",75.4,"04_2041","pr","ssp126"
"44","CHELSA_mpi-esm1-2-hr_r1i1p1f1_w5e5_ssp126_pr_04_2041_2070_norm","la_villa",85.6,"04_2041","pr","ssp126"
"45","CHELSA_mpi-esm1-2-hr_r1i1p1f1_w5e5_ssp126_pr_04_2041_2070_norm","valdelacasa",90.9,"04_2041","pr","ssp126"
"46","CHELSA_mpi-esm1-2-hr_r1i1p1f1_w5e5_ssp126_pr_04_2041_2070_norm","deheson_S3",101,"04_2041","pr","ssp126"
"47","CHELSA_mpi-esm1-2-hr_r1i1p1f1_w5e5_ssp126_pr_04_2041_2070_norm","deheson_W1",106.1,"04_2041","pr","ssp126"
"48","CHELSA_mpi-esm1-2-hr_r1i1p1f1_w5e5_ssp126_pr_04_2041_2070_norm","deheson_C2",100.8,"04_2041","pr","ssp126"
"49","CHELSA_mpi-esm1-2-hr_r1i1p1f1_w5e5_ssp126_pr_04_2041_2070_norm","deheson_S7",97.7,"04_2041","pr","ssp126"
"50","CHELSA_mpi-esm1-2-hr_r1i1p1f1_w5e5_ssp126_pr_04_2041_2070_norm","deheson_C5",98.9,"04_2041","pr","ssp126"
"51","CHELSA_mpi-esm1-2-hr_r1i1p1f1_w5e5_ssp126_pr_04_2041_2070_norm","deheson_W4",98.8,"04_2041","pr","ssp126"
"52","CHELSA_mpi-esm1-2-hr_r1i1p1f1_w5e5_ssp126_pr_04_2041_2070_norm","deheson_O6",98.9,"04_2041","pr","ssp126"
"53","CHELSA_mpi-esm1-2-hr_r1i1p1f1_w5e5_ssp126_pr_05_2041_2070_norm","atoquedo",63.8,"05_2041","pr","ssp126"
"54","CHELSA_mpi-esm1-2-hr_r1i1p1f1_w5e5_ssp126_pr_05_2041_2070_norm","la_cana",42.4,"05_2041","pr","ssp126"
"55","CHELSA_mpi-esm1-2-hr_r1i1p1f1_w5e5_ssp126_pr_05_2041_2070_norm","la_ciervina",62.1,"05_2041","pr","ssp126"
"56","CHELSA_mpi-esm1-2-hr_r1i1p1f1_w5e5_ssp126_pr_05_2041_2070_norm","las_casillas",45.6,"05_2041","pr","ssp126"
"57","CHELSA_mpi-esm1-2-hr_r1i1p1f1_w5e5_ssp126_pr_05_2041_2070_norm","la_villa",62.1,"05_2041","pr","ssp126"
"58","CHELSA_mpi-esm1-2-hr_r1i1p1f1_w5e5_ssp126_pr_05_2041_2070_norm","valdelacasa",60.9,"05_2041","pr","ssp126"
"59","CHELSA_mpi-esm1-2-hr_r1i1p1f1_w5e5_ssp126_pr_05_2041_2070_norm","deheson_S3",54.6,"05_2041","pr","ssp126"
"60","CHELSA_mpi-esm1-2-hr_r1i1p1f1_w5e5_ssp126_pr_05_2041_2070_norm","deheson_W1",57.3,"05_2041","pr","ssp126"
"61","CHELSA_mpi-esm1-2-hr_r1i1p1f1_w5e5_ssp126_pr_05_2041_2070_norm","deheson_C2",54.6,"05_2041","pr","ssp126"
"62","CHELSA_mpi-esm1-2-hr_r1i1p1f1_w5e5_ssp126_pr_05_2041_2070_norm","deheson_S7",52.9,"05_2041","pr","ssp126"
"63","CHELSA_mpi-esm1-2-hr_r1i1p1f1_w5e5_ssp126_pr_05_2041_2070_norm","deheson_C5",53.6,"05_2041","pr","ssp126"
"64","CHELSA_mpi-esm1-2-hr_r1i1p1f1_w5e5_ssp126_pr_05_2041_2070_norm","deheson_W4",53.5,"05_2041","pr","ssp126"
"65","CHELSA_mpi-esm1-2-hr_r1i1p1f1_w5e5_ssp126_pr_05_2041_2070_norm","deheson_O6",53.6,"05_2041","pr","ssp126"
"66","CHELSA_mpi-esm1-2-hr_r1i1p1f1_w5e5_ssp126_pr_06_2041_2070_norm","atoquedo",26,"06_2041","pr","ssp126"
"67","CHELSA_mpi-esm1-2-hr_r1i1p1f1_w5e5_ssp126_pr_06_2041_2070_norm","la_cana",19.5,"06_2041","pr","ssp126"
"68","CHELSA_mpi-esm1-2-hr_r1i1p1f1_w5e5_ssp126_pr_06_2041_2070_norm","la_ciervina",25.5,"06_2041","pr","ssp126"
"69","CHELSA_mpi-esm1-2-hr_r1i1p1f1_w5e5_ssp126_pr_06_2041_2070_norm","las_casillas",19.3,"06_2041","pr","ssp126"
"70","CHELSA_mpi-esm1-2-hr_r1i1p1f1_w5e5_ssp126_pr_06_2041_2070_norm","la_villa",23.7,"06_2041","pr","ssp126"
"71","CHELSA_mpi-esm1-2-hr_r1i1p1f1_w5e5_ssp126_pr_06_2041_2070_norm","valdelacasa",21.9,"06_2041","pr","ssp126"
"72","CHELSA_mpi-esm1-2-hr_r1i1p1f1_w5e5_ssp126_pr_06_2041_2070_norm","deheson_S3",21.1,"06_2041","pr","ssp126"
"73","CHELSA_mpi-esm1-2-hr_r1i1p1f1_w5e5_ssp126_pr_06_2041_2070_norm","deheson_W1",22,"06_2041","pr","ssp126"
"74","CHELSA_mpi-esm1-2-hr_r1i1p1f1_w5e5_ssp126_pr_06_2041_2070_norm","deheson_C2",21,"06_2041","pr","ssp126"
"75","CHELSA_mpi-esm1-2-hr_r1i1p1f1_w5e5_ssp126_pr_06_2041_2070_norm","deheson_S7",20.6,"06_2041","pr","ssp126"
"76","CHELSA_mpi-esm1-2-hr_r1i1p1f1_w5e5_ssp126_pr_06_2041_2070_norm","deheson_C5",20.8,"06_2041","pr","ssp126"
"77","CHELSA_mpi-esm1-2-hr_r1i1p1f1_w5e5_ssp126_pr_06_2041_2070_norm","deheson_W4",20.7,"06_2041","pr","ssp126"
"78","CHELSA_mpi-esm1-2-hr_r1i1p1f1_w5e5_ssp126_pr_06_2041_2070_norm","deheson_O6",20.8,"06_2041","pr","ssp126"
"79","CHELSA_mpi-esm1-2-hr_r1i1p1f1_w5e5_ssp126_pr_07_2041_2070_norm","atoquedo",7.4,"07_2041","pr","ssp126"
"80","CHELSA_mpi-esm1-2-hr_r1i1p1f1_w5e5_ssp126_pr_07_2041_2070_norm","la_cana",5,"07_2041","pr","ssp126"
"81","CHELSA_mpi-esm1-2-hr_r1i1p1f1_w5e5_ssp126_pr_07_2041_2070_norm","la_ciervina",7.6,"07_2041","pr","ssp126"
"82","CHELSA_mpi-esm1-2-hr_r1i1p1f1_w5e5_ssp126_pr_07_2041_2070_norm","las_casillas",6.2,"07_2041","pr","ssp126"
"83","CHELSA_mpi-esm1-2-hr_r1i1p1f1_w5e5_ssp126_pr_07_2041_2070_norm","la_villa",7.3,"07_2041","pr","ssp126"
"84","CHELSA_mpi-esm1-2-hr_r1i1p1f1_w5e5_ssp126_pr_07_2041_2070_norm","valdelacasa",6.3,"07_2041","pr","ssp126"
"85","CHELSA_mpi-esm1-2-hr_r1i1p1f1_w5e5_ssp126_pr_07_2041_2070_norm","deheson_S3",6.8,"07_2041","pr","ssp126"
"86","CHELSA_mpi-esm1-2-hr_r1i1p1f1_w5e5_ssp126_pr_07_2041_2070_norm","deheson_W1",7.2,"07_2041","pr","ssp126"
"87","CHELSA_mpi-esm1-2-hr_r1i1p1f1_w5e5_ssp126_pr_07_2041_2070_norm","deheson_C2",6.7,"07_2041","pr","ssp126"
"88","CHELSA_mpi-esm1-2-hr_r1i1p1f1_w5e5_ssp126_pr_07_2041_2070_norm","deheson_S7",6.6,"07_2041","pr","ssp126"
"89","CHELSA_mpi-esm1-2-hr_r1i1p1f1_w5e5_ssp126_pr_07_2041_2070_norm","deheson_C5",6.6,"07_2041","pr","ssp126"
"90","CHELSA_mpi-esm1-2-hr_r1i1p1f1_w5e5_ssp126_pr_07_2041_2070_norm","deheson_W4",6.5,"07_2041","pr","ssp126"
"91","CHELSA_mpi-esm1-2-hr_r1i1p1f1_w5e5_ssp126_pr_07_2041_2070_norm","deheson_O6",6.6,"07_2041","pr","ssp126"
"92","CHELSA_mpi-esm1-2-hr_r1i1p1f1_w5e5_ssp126_pr_08_2041_2070_norm","atoquedo",8.2,"08_2041","pr","ssp126"
"93","CHELSA_mpi-esm1-2-hr_r1i1p1f1_w5e5_ssp126_pr_08_2041_2070_norm","la_cana",5.6,"08_2041","pr","ssp126"
"94","CHELSA_mpi-esm1-2-hr_r1i1p1f1_w5e5_ssp126_pr_08_2041_2070_norm","la_ciervina",7.2,"08_2041","pr","ssp126"
"95","CHELSA_mpi-esm1-2-hr_r1i1p1f1_w5e5_ssp126_pr_08_2041_2070_norm","las_casillas",5.5,"08_2041","pr","ssp126"
"96","CHELSA_mpi-esm1-2-hr_r1i1p1f1_w5e5_ssp126_pr_08_2041_2070_norm","la_villa",6.5,"08_2041","pr","ssp126"
"97","CHELSA_mpi-esm1-2-hr_r1i1p1f1_w5e5_ssp126_pr_08_2041_2070_norm","valdelacasa",6.8,"08_2041","pr","ssp126"
"98","CHELSA_mpi-esm1-2-hr_r1i1p1f1_w5e5_ssp126_pr_08_2041_2070_norm","deheson_S3",9,"08_2041","pr","ssp126"
"99","CHELSA_mpi-esm1-2-hr_r1i1p1f1_w5e5_ssp126_pr_08_2041_2070_norm","deheson_W1",9.2,"08_2041","pr","ssp126"
"100","CHELSA_mpi-esm1-2-hr_r1i1p1f1_w5e5_ssp126_pr_08_2041_2070_norm","deheson_C2",8.9,"08_2041","pr","ssp126"
"101","CHELSA_mpi-esm1-2-hr_r1i1p1f1_w5e5_ssp126_pr_08_2041_2070_norm","deheson_S7",8.8,"08_2041","pr","ssp126"
"102","CHELSA_mpi-esm1-2-hr_r1i1p1f1_w5e5_ssp126_pr_08_2041_2070_norm","deheson_C5",8.8,"08_2041","pr","ssp126"
"103","CHELSA_mpi-esm1-2-hr_r1i1p1f1_w5e5_ssp126_pr_08_2041_2070_norm","deheson_W4",8.8,"08_2041","pr","ssp126"
"104","CHELSA_mpi-esm1-2-hr_r1i1p1f1_w5e5_ssp126_pr_08_2041_2070_norm","deheson_O6",8.8,"08_2041","pr","ssp126"
"105","CHELSA_mpi-esm1-2-hr_r1i1p1f1_w5e5_ssp126_pr_09_2041_2070_norm","atoquedo",46.6,"09_2041","pr","ssp126"
"106","CHELSA_mpi-esm1-2-hr_r1i1p1f1_w5e5_ssp126_pr_09_2041_2070_norm","la_cana",32.4,"09_2041","pr","ssp126"
"107","CHELSA_mpi-esm1-2-hr_r1i1p1f1_w5e5_ssp126_pr_09_2041_2070_norm","la_ciervina",45.7,"09_2041","pr","ssp126"
"108","CHELSA_mpi-esm1-2-hr_r1i1p1f1_w5e5_ssp126_pr_09_2041_2070_norm","las_casillas",35.3,"09_2041","pr","ssp126"
"109","CHELSA_mpi-esm1-2-hr_r1i1p1f1_w5e5_ssp126_pr_09_2041_2070_norm","la_villa",44.6,"09_2041","pr","ssp126"
"110","CHELSA_mpi-esm1-2-hr_r1i1p1f1_w5e5_ssp126_pr_09_2041_2070_norm","valdelacasa",44.8,"09_2041","pr","ssp126"
"111","CHELSA_mpi-esm1-2-hr_r1i1p1f1_w5e5_ssp126_pr_09_2041_2070_norm","deheson_S3",39.5,"09_2041","pr","ssp126"
"112","CHELSA_mpi-esm1-2-hr_r1i1p1f1_w5e5_ssp126_pr_09_2041_2070_norm","deheson_W1",41.6,"09_2041","pr","ssp126"
"113","CHELSA_mpi-esm1-2-hr_r1i1p1f1_w5e5_ssp126_pr_09_2041_2070_norm","deheson_C2",39.8,"09_2041","pr","ssp126"
"114","CHELSA_mpi-esm1-2-hr_r1i1p1f1_w5e5_ssp126_pr_09_2041_2070_norm","deheson_S7",38.2,"09_2041","pr","ssp126"
"115","CHELSA_mpi-esm1-2-hr_r1i1p1f1_w5e5_ssp126_pr_09_2041_2070_norm","deheson_C5",38.9,"09_2041","pr","ssp126"
"116","CHELSA_mpi-esm1-2-hr_r1i1p1f1_w5e5_ssp126_pr_09_2041_2070_norm","deheson_W4",39,"09_2041","pr","ssp126"
"117","CHELSA_mpi-esm1-2-hr_r1i1p1f1_w5e5_ssp126_pr_09_2041_2070_norm","deheson_O6",38.9,"09_2041","pr","ssp126"
"118","CHELSA_mpi-esm1-2-hr_r1i1p1f1_w5e5_ssp126_pr_10_2041_2070_norm","atoquedo",89,"10_2041","pr","ssp126"
"119","CHELSA_mpi-esm1-2-hr_r1i1p1f1_w5e5_ssp126_pr_10_2041_2070_norm","la_cana",62,"10_2041","pr","ssp126"
"120","CHELSA_mpi-esm1-2-hr_r1i1p1f1_w5e5_ssp126_pr_10_2041_2070_norm","la_ciervina",84.5,"10_2041","pr","ssp126"
"121","CHELSA_mpi-esm1-2-hr_r1i1p1f1_w5e5_ssp126_pr_10_2041_2070_norm","las_casillas",67.7,"10_2041","pr","ssp126"
"122","CHELSA_mpi-esm1-2-hr_r1i1p1f1_w5e5_ssp126_pr_10_2041_2070_norm","la_villa",89,"10_2041","pr","ssp126"
"123","CHELSA_mpi-esm1-2-hr_r1i1p1f1_w5e5_ssp126_pr_10_2041_2070_norm","valdelacasa",94.5,"10_2041","pr","ssp126"
"124","CHELSA_mpi-esm1-2-hr_r1i1p1f1_w5e5_ssp126_pr_10_2041_2070_norm","deheson_S3",88.3,"10_2041","pr","ssp126"
"125","CHELSA_mpi-esm1-2-hr_r1i1p1f1_w5e5_ssp126_pr_10_2041_2070_norm","deheson_W1",92.8,"10_2041","pr","ssp126"
"126","CHELSA_mpi-esm1-2-hr_r1i1p1f1_w5e5_ssp126_pr_10_2041_2070_norm","deheson_C2",88.5,"10_2041","pr","ssp126"
"127","CHELSA_mpi-esm1-2-hr_r1i1p1f1_w5e5_ssp126_pr_10_2041_2070_norm","deheson_S7",85.3,"10_2041","pr","ssp126"
"128","CHELSA_mpi-esm1-2-hr_r1i1p1f1_w5e5_ssp126_pr_10_2041_2070_norm","deheson_C5",86.6,"10_2041","pr","ssp126"
"129","CHELSA_mpi-esm1-2-hr_r1i1p1f1_w5e5_ssp126_pr_10_2041_2070_norm","deheson_W4",86.6,"10_2041","pr","ssp126"
"130","CHELSA_mpi-esm1-2-hr_r1i1p1f1_w5e5_ssp126_pr_10_2041_2070_norm","deheson_O6",86.6,"10_2041","pr","ssp126"
"131","CHELSA_mpi-esm1-2-hr_r1i1p1f1_w5e5_ssp126_pr_11_2041_2070_norm","atoquedo",112.2,"11_2041","pr","ssp126"
"132","CHELSA_mpi-esm1-2-hr_r1i1p1f1_w5e5_ssp126_pr_11_2041_2070_norm","la_cana",86.7,"11_2041","pr","ssp126"
"133","CHELSA_mpi-esm1-2-hr_r1i1p1f1_w5e5_ssp126_pr_11_2041_2070_norm","la_ciervina",108.2,"11_2041","pr","ssp126"
"134","CHELSA_mpi-esm1-2-hr_r1i1p1f1_w5e5_ssp126_pr_11_2041_2070_norm","las_casillas",90.3,"11_2041","pr","ssp126"
"135","CHELSA_mpi-esm1-2-hr_r1i1p1f1_w5e5_ssp126_pr_11_2041_2070_norm","la_villa",106.9,"11_2041","pr","ssp126"
"136","CHELSA_mpi-esm1-2-hr_r1i1p1f1_w5e5_ssp126_pr_11_2041_2070_norm","valdelacasa",114,"11_2041","pr","ssp126"
"137","CHELSA_mpi-esm1-2-hr_r1i1p1f1_w5e5_ssp126_pr_11_2041_2070_norm","deheson_S3",111.9,"11_2041","pr","ssp126"
"138","CHELSA_mpi-esm1-2-hr_r1i1p1f1_w5e5_ssp126_pr_11_2041_2070_norm","deheson_W1",117.4,"11_2041","pr","ssp126"
"139","CHELSA_mpi-esm1-2-hr_r1i1p1f1_w5e5_ssp126_pr_11_2041_2070_norm","deheson_C2",111.9,"11_2041","pr","ssp126"
"140","CHELSA_mpi-esm1-2-hr_r1i1p1f1_w5e5_ssp126_pr_11_2041_2070_norm","deheson_S7",108.1,"11_2041","pr","ssp126"
"141","CHELSA_mpi-esm1-2-hr_r1i1p1f1_w5e5_ssp126_pr_11_2041_2070_norm","deheson_C5",109.6,"11_2041","pr","ssp126"
"142","CHELSA_mpi-esm1-2-hr_r1i1p1f1_w5e5_ssp126_pr_11_2041_2070_norm","deheson_W4",109.6,"11_2041","pr","ssp126"
"143","CHELSA_mpi-esm1-2-hr_r1i1p1f1_w5e5_ssp126_pr_11_2041_2070_norm","deheson_O6",109.6,"11_2041","pr","ssp126"
"144","CHELSA_mpi-esm1-2-hr_r1i1p1f1_w5e5_ssp126_pr_12_2041_2070_norm","atoquedo",107.4,"12_2041","pr","ssp126"
"145","CHELSA_mpi-esm1-2-hr_r1i1p1f1_w5e5_ssp126_pr_12_2041_2070_norm","la_cana",79.2,"12_2041","pr","ssp126"
"146","CHELSA_mpi-esm1-2-hr_r1i1p1f1_w5e5_ssp126_pr_12_2041_2070_norm","la_ciervina",98.5,"12_2041","pr","ssp126"
"147","CHELSA_mpi-esm1-2-hr_r1i1p1f1_w5e5_ssp126_pr_12_2041_2070_norm","las_casillas",78.5,"12_2041","pr","ssp126"
"148","CHELSA_mpi-esm1-2-hr_r1i1p1f1_w5e5_ssp126_pr_12_2041_2070_norm","la_villa",102.5,"12_2041","pr","ssp126"
"149","CHELSA_mpi-esm1-2-hr_r1i1p1f1_w5e5_ssp126_pr_12_2041_2070_norm","valdelacasa",113.8,"12_2041","pr","ssp126"
"150","CHELSA_mpi-esm1-2-hr_r1i1p1f1_w5e5_ssp126_pr_12_2041_2070_norm","deheson_S3",121.8,"12_2041","pr","ssp126"
"151","CHELSA_mpi-esm1-2-hr_r1i1p1f1_w5e5_ssp126_pr_12_2041_2070_norm","deheson_W1",128.3,"12_2041","pr","ssp126"
"152","CHELSA_mpi-esm1-2-hr_r1i1p1f1_w5e5_ssp126_pr_12_2041_2070_norm","deheson_C2",122,"12_2041","pr","ssp126"
"153","CHELSA_mpi-esm1-2-hr_r1i1p1f1_w5e5_ssp126_pr_12_2041_2070_norm","deheson_S7",117.4,"12_2041","pr","ssp126"
"154","CHELSA_mpi-esm1-2-hr_r1i1p1f1_w5e5_ssp126_pr_12_2041_2070_norm","deheson_C5",119.2,"12_2041","pr","ssp126"
"155","CHELSA_mpi-esm1-2-hr_r1i1p1f1_w5e5_ssp126_pr_12_2041_2070_norm","deheson_W4",119.2,"12_2041","pr","ssp126"
"156","CHELSA_mpi-esm1-2-hr_r1i1p1f1_w5e5_ssp126_pr_12_2041_2070_norm","deheson_O6",119.2,"12_2041","pr","ssp126"
"157","CHELSA_mpi-esm1-2-hr_r1i1p1f1_w5e5_ssp126_tas_01_2041_2070_norm","atoquedo",8.05000000000001,"01_2041","tas","ssp126"
"158","CHELSA_mpi-esm1-2-hr_r1i1p1f1_w5e5_ssp126_tas_01_2041_2070_norm","la_cana",7.85000000000002,"01_2041","tas","ssp126"
"159","CHELSA_mpi-esm1-2-hr_r1i1p1f1_w5e5_ssp126_tas_01_2041_2070_norm","la_ciervina",8.15000000000003,"01_2041","tas","ssp126"
"160","CHELSA_mpi-esm1-2-hr_r1i1p1f1_w5e5_ssp126_tas_01_2041_2070_norm","las_casillas",8.55000000000001,"01_2041","tas","ssp126"
"161","CHELSA_mpi-esm1-2-hr_r1i1p1f1_w5e5_ssp126_tas_01_2041_2070_norm","la_villa",8.25000000000006,"01_2041","tas","ssp126"
"162","CHELSA_mpi-esm1-2-hr_r1i1p1f1_w5e5_ssp126_tas_01_2041_2070_norm","valdelacasa",8.35000000000002,"01_2041","tas","ssp126"
"163","CHELSA_mpi-esm1-2-hr_r1i1p1f1_w5e5_ssp126_tas_01_2041_2070_norm","deheson_S3",7.85000000000002,"01_2041","tas","ssp126"
"164","CHELSA_mpi-esm1-2-hr_r1i1p1f1_w5e5_ssp126_tas_01_2041_2070_norm","deheson_W1",7.85000000000002,"01_2041","tas","ssp126"
"165","CHELSA_mpi-esm1-2-hr_r1i1p1f1_w5e5_ssp126_tas_01_2041_2070_norm","deheson_C2",7.95000000000005,"01_2041","tas","ssp126"
"166","CHELSA_mpi-esm1-2-hr_r1i1p1f1_w5e5_ssp126_tas_01_2041_2070_norm","deheson_S7",7.85000000000002,"01_2041","tas","ssp126"
"167","CHELSA_mpi-esm1-2-hr_r1i1p1f1_w5e5_ssp126_tas_01_2041_2070_norm","deheson_C5",7.95000000000005,"01_2041","tas","ssp126"
"168","CHELSA_mpi-esm1-2-hr_r1i1p1f1_w5e5_ssp126_tas_01_2041_2070_norm","deheson_W4",7.95000000000005,"01_2041","tas","ssp126"
"169","CHELSA_mpi-esm1-2-hr_r1i1p1f1_w5e5_ssp126_tas_01_2041_2070_norm","deheson_O6",7.95000000000005,"01_2041","tas","ssp126"
"170","CHELSA_mpi-esm1-2-hr_r1i1p1f1_w5e5_ssp126_tas_02_2041_2070_norm","atoquedo",10.35,"02_2041","tas","ssp126"
"171","CHELSA_mpi-esm1-2-hr_r1i1p1f1_w5e5_ssp126_tas_02_2041_2070_norm","la_cana",10.05,"02_2041","tas","ssp126"
"172","CHELSA_mpi-esm1-2-hr_r1i1p1f1_w5e5_ssp126_tas_02_2041_2070_norm","la_ciervina",10.45,"02_2041","tas","ssp126"
"173","CHELSA_mpi-esm1-2-hr_r1i1p1f1_w5e5_ssp126_tas_02_2041_2070_norm","las_casillas",10.7500000000001,"02_2041","tas","ssp126"
"174","CHELSA_mpi-esm1-2-hr_r1i1p1f1_w5e5_ssp126_tas_02_2041_2070_norm","la_villa",10.55,"02_2041","tas","ssp126"
"175","CHELSA_mpi-esm1-2-hr_r1i1p1f1_w5e5_ssp126_tas_02_2041_2070_norm","valdelacasa",10.7500000000001,"02_2041","tas","ssp126"
"176","CHELSA_mpi-esm1-2-hr_r1i1p1f1_w5e5_ssp126_tas_02_2041_2070_norm","deheson_S3",10.2500000000001,"02_2041","tas","ssp126"
"177","CHELSA_mpi-esm1-2-hr_r1i1p1f1_w5e5_ssp126_tas_02_2041_2070_norm","deheson_W1",10.2500000000001,"02_2041","tas","ssp126"
"178","CHELSA_mpi-esm1-2-hr_r1i1p1f1_w5e5_ssp126_tas_02_2041_2070_norm","deheson_C2",10.35,"02_2041","tas","ssp126"
"179","CHELSA_mpi-esm1-2-hr_r1i1p1f1_w5e5_ssp126_tas_02_2041_2070_norm","deheson_S7",10.2500000000001,"02_2041","tas","ssp126"
"180","CHELSA_mpi-esm1-2-hr_r1i1p1f1_w5e5_ssp126_tas_02_2041_2070_norm","deheson_C5",10.2500000000001,"02_2041","tas","ssp126"
"181","CHELSA_mpi-esm1-2-hr_r1i1p1f1_w5e5_ssp126_tas_02_2041_2070_norm","deheson_W4",10.35,"02_2041","tas","ssp126"
"182","CHELSA_mpi-esm1-2-hr_r1i1p1f1_w5e5_ssp126_tas_02_2041_2070_norm","deheson_O6",10.2500000000001,"02_2041","tas","ssp126"
"183","CHELSA_mpi-esm1-2-hr_r1i1p1f1_w5e5_ssp126_tas_03_2041_2070_norm","atoquedo",12.95,"03_2041","tas","ssp126"
"184","CHELSA_mpi-esm1-2-hr_r1i1p1f1_w5e5_ssp126_tas_03_2041_2070_norm","la_cana",12.55,"03_2041","tas","ssp126"
"185","CHELSA_mpi-esm1-2-hr_r1i1p1f1_w5e5_ssp126_tas_03_2041_2070_norm","la_ciervina",12.85,"03_2041","tas","ssp126"
"186","CHELSA_mpi-esm1-2-hr_r1i1p1f1_w5e5_ssp126_tas_03_2041_2070_norm","las_casillas",13.15,"03_2041","tas","ssp126"
"187","CHELSA_mpi-esm1-2-hr_r1i1p1f1_w5e5_ssp126_tas_03_2041_2070_norm","la_villa",12.95,"03_2041","tas","ssp126"
"188","CHELSA_mpi-esm1-2-hr_r1i1p1f1_w5e5_ssp126_tas_03_2041_2070_norm","valdelacasa",13.45,"03_2041","tas","ssp126"
"189","CHELSA_mpi-esm1-2-hr_r1i1p1f1_w5e5_ssp126_tas_03_2041_2070_norm","deheson_S3",12.95,"03_2041","tas","ssp126"
"190","CHELSA_mpi-esm1-2-hr_r1i1p1f1_w5e5_ssp126_tas_03_2041_2070_norm","deheson_W1",12.95,"03_2041","tas","ssp126"
"191","CHELSA_mpi-esm1-2-hr_r1i1p1f1_w5e5_ssp126_tas_03_2041_2070_norm","deheson_C2",13.05,"03_2041","tas","ssp126"
"192","CHELSA_mpi-esm1-2-hr_r1i1p1f1_w5e5_ssp126_tas_03_2041_2070_norm","deheson_S7",12.95,"03_2041","tas","ssp126"
"193","CHELSA_mpi-esm1-2-hr_r1i1p1f1_w5e5_ssp126_tas_03_2041_2070_norm","deheson_C5",13.05,"03_2041","tas","ssp126"
"194","CHELSA_mpi-esm1-2-hr_r1i1p1f1_w5e5_ssp126_tas_03_2041_2070_norm","deheson_W4",13.05,"03_2041","tas","ssp126"
"195","CHELSA_mpi-esm1-2-hr_r1i1p1f1_w5e5_ssp126_tas_03_2041_2070_norm","deheson_O6",13.05,"03_2041","tas","ssp126"
"196","CHELSA_mpi-esm1-2-hr_r1i1p1f1_w5e5_ssp126_tas_04_2041_2070_norm","atoquedo",14.05,"04_2041","tas","ssp126"
"197","CHELSA_mpi-esm1-2-hr_r1i1p1f1_w5e5_ssp126_tas_04_2041_2070_norm","la_cana",13.55,"04_2041","tas","ssp126"
"198","CHELSA_mpi-esm1-2-hr_r1i1p1f1_w5e5_ssp126_tas_04_2041_2070_norm","la_ciervina",13.95,"04_2041","tas","ssp126"
"199","CHELSA_mpi-esm1-2-hr_r1i1p1f1_w5e5_ssp126_tas_04_2041_2070_norm","las_casillas",14.15,"04_2041","tas","ssp126"
"200","CHELSA_mpi-esm1-2-hr_r1i1p1f1_w5e5_ssp126_tas_04_2041_2070_norm","la_villa",14.05,"04_2041","tas","ssp126"
"201","CHELSA_mpi-esm1-2-hr_r1i1p1f1_w5e5_ssp126_tas_04_2041_2070_norm","valdelacasa",14.65,"04_2041","tas","ssp126"
"202","CHELSA_mpi-esm1-2-hr_r1i1p1f1_w5e5_ssp126_tas_04_2041_2070_norm","deheson_S3",14.15,"04_2041","tas","ssp126"
"203","CHELSA_mpi-esm1-2-hr_r1i1p1f1_w5e5_ssp126_tas_04_2041_2070_norm","deheson_W1",14.05,"04_2041","tas","ssp126"
"204","CHELSA_mpi-esm1-2-hr_r1i1p1f1_w5e5_ssp126_tas_04_2041_2070_norm","deheson_C2",14.2500000000001,"04_2041","tas","ssp126"
"205","CHELSA_mpi-esm1-2-hr_r1i1p1f1_w5e5_ssp126_tas_04_2041_2070_norm","deheson_S7",14.05,"04_2041","tas","ssp126"
"206","CHELSA_mpi-esm1-2-hr_r1i1p1f1_w5e5_ssp126_tas_04_2041_2070_norm","deheson_C5",14.15,"04_2041","tas","ssp126"
"207","CHELSA_mpi-esm1-2-hr_r1i1p1f1_w5e5_ssp126_tas_04_2041_2070_norm","deheson_W4",14.2500000000001,"04_2041","tas","ssp126"
"208","CHELSA_mpi-esm1-2-hr_r1i1p1f1_w5e5_ssp126_tas_04_2041_2070_norm","deheson_O6",14.15,"04_2041","tas","ssp126"
"209","CHELSA_mpi-esm1-2-hr_r1i1p1f1_w5e5_ssp126_tas_05_2041_2070_norm","atoquedo",19.05,"05_2041","tas","ssp126"
"210","CHELSA_mpi-esm1-2-hr_r1i1p1f1_w5e5_ssp126_tas_05_2041_2070_norm","la_cana",18.7500000000001,"05_2041","tas","ssp126"
"211","CHELSA_mpi-esm1-2-hr_r1i1p1f1_w5e5_ssp126_tas_05_2041_2070_norm","la_ciervina",19.05,"05_2041","tas","ssp126"
"212","CHELSA_mpi-esm1-2-hr_r1i1p1f1_w5e5_ssp126_tas_05_2041_2070_norm","las_casillas",19.05,"05_2041","tas","ssp126"
"213","CHELSA_mpi-esm1-2-hr_r1i1p1f1_w5e5_ssp126_tas_05_2041_2070_norm","la_villa",18.95,"05_2041","tas","ssp126"
"214","CHELSA_mpi-esm1-2-hr_r1i1p1f1_w5e5_ssp126_tas_05_2041_2070_norm","valdelacasa",19.85,"05_2041","tas","ssp126"
"215","CHELSA_mpi-esm1-2-hr_r1i1p1f1_w5e5_ssp126_tas_05_2041_2070_norm","deheson_S3",19.55,"05_2041","tas","ssp126"
"216","CHELSA_mpi-esm1-2-hr_r1i1p1f1_w5e5_ssp126_tas_05_2041_2070_norm","deheson_W1",19.45,"05_2041","tas","ssp126"
"217","CHELSA_mpi-esm1-2-hr_r1i1p1f1_w5e5_ssp126_tas_05_2041_2070_norm","deheson_C2",19.65,"05_2041","tas","ssp126"
"218","CHELSA_mpi-esm1-2-hr_r1i1p1f1_w5e5_ssp126_tas_05_2041_2070_norm","deheson_S7",19.45,"05_2041","tas","ssp126"
"219","CHELSA_mpi-esm1-2-hr_r1i1p1f1_w5e5_ssp126_tas_05_2041_2070_norm","deheson_C5",19.55,"05_2041","tas","ssp126"
"220","CHELSA_mpi-esm1-2-hr_r1i1p1f1_w5e5_ssp126_tas_05_2041_2070_norm","deheson_W4",19.65,"05_2041","tas","ssp126"
"221","CHELSA_mpi-esm1-2-hr_r1i1p1f1_w5e5_ssp126_tas_05_2041_2070_norm","deheson_O6",19.55,"05_2041","tas","ssp126"
"222","CHELSA_mpi-esm1-2-hr_r1i1p1f1_w5e5_ssp126_tas_06_2041_2070_norm","atoquedo",25.05,"06_2041","tas","ssp126"
"223","CHELSA_mpi-esm1-2-hr_r1i1p1f1_w5e5_ssp126_tas_06_2041_2070_norm","la_cana",24.65,"06_2041","tas","ssp126"
"224","CHELSA_mpi-esm1-2-hr_r1i1p1f1_w5e5_ssp126_tas_06_2041_2070_norm","la_ciervina",24.85,"06_2041","tas","ssp126"
"225","CHELSA_mpi-esm1-2-hr_r1i1p1f1_w5e5_ssp126_tas_06_2041_2070_norm","las_casillas",24.95,"06_2041","tas","ssp126"
"226","CHELSA_mpi-esm1-2-hr_r1i1p1f1_w5e5_ssp126_tas_06_2041_2070_norm","la_villa",24.7500000000001,"06_2041","tas","ssp126"
"227","CHELSA_mpi-esm1-2-hr_r1i1p1f1_w5e5_ssp126_tas_06_2041_2070_norm","valdelacasa",25.7500000000001,"06_2041","tas","ssp126"
"228","CHELSA_mpi-esm1-2-hr_r1i1p1f1_w5e5_ssp126_tas_06_2041_2070_norm","deheson_S3",25.55,"06_2041","tas","ssp126"
"229","CHELSA_mpi-esm1-2-hr_r1i1p1f1_w5e5_ssp126_tas_06_2041_2070_norm","deheson_W1",25.55,"06_2041","tas","ssp126"
"230","CHELSA_mpi-esm1-2-hr_r1i1p1f1_w5e5_ssp126_tas_06_2041_2070_norm","deheson_C2",25.65,"06_2041","tas","ssp126"
"231","CHELSA_mpi-esm1-2-hr_r1i1p1f1_w5e5_ssp126_tas_06_2041_2070_norm","deheson_S7",25.45,"06_2041","tas","ssp126"
"232","CHELSA_mpi-esm1-2-hr_r1i1p1f1_w5e5_ssp126_tas_06_2041_2070_norm","deheson_C5",25.55,"06_2041","tas","ssp126"
"233","CHELSA_mpi-esm1-2-hr_r1i1p1f1_w5e5_ssp126_tas_06_2041_2070_norm","deheson_W4",25.65,"06_2041","tas","ssp126"
"234","CHELSA_mpi-esm1-2-hr_r1i1p1f1_w5e5_ssp126_tas_06_2041_2070_norm","deheson_O6",25.55,"06_2041","tas","ssp126"
"235","CHELSA_mpi-esm1-2-hr_r1i1p1f1_w5e5_ssp126_tas_07_2041_2070_norm","atoquedo",28.45,"07_2041","tas","ssp126"
"236","CHELSA_mpi-esm1-2-hr_r1i1p1f1_w5e5_ssp126_tas_07_2041_2070_norm","la_cana",27.85,"07_2041","tas","ssp126"
"237","CHELSA_mpi-esm1-2-hr_r1i1p1f1_w5e5_ssp126_tas_07_2041_2070_norm","la_ciervina",28.2500000000001,"07_2041","tas","ssp126"
"238","CHELSA_mpi-esm1-2-hr_r1i1p1f1_w5e5_ssp126_tas_07_2041_2070_norm","las_casillas",28.35,"07_2041","tas","ssp126"
"239","CHELSA_mpi-esm1-2-hr_r1i1p1f1_w5e5_ssp126_tas_07_2041_2070_norm","la_villa",28.2500000000001,"07_2041","tas","ssp126"
"240","CHELSA_mpi-esm1-2-hr_r1i1p1f1_w5e5_ssp126_tas_07_2041_2070_norm","valdelacasa",29.35,"07_2041","tas","ssp126"
"241","CHELSA_mpi-esm1-2-hr_r1i1p1f1_w5e5_ssp126_tas_07_2041_2070_norm","deheson_S3",29.35,"07_2041","tas","ssp126"
"242","CHELSA_mpi-esm1-2-hr_r1i1p1f1_w5e5_ssp126_tas_07_2041_2070_norm","deheson_W1",29.35,"07_2041","tas","ssp126"
"243","CHELSA_mpi-esm1-2-hr_r1i1p1f1_w5e5_ssp126_tas_07_2041_2070_norm","deheson_C2",29.45,"07_2041","tas","ssp126"
"244","CHELSA_mpi-esm1-2-hr_r1i1p1f1_w5e5_ssp126_tas_07_2041_2070_norm","deheson_S7",29.35,"07_2041","tas","ssp126"
"245","CHELSA_mpi-esm1-2-hr_r1i1p1f1_w5e5_ssp126_tas_07_2041_2070_norm","deheson_C5",29.35,"07_2041","tas","ssp126"
"246","CHELSA_mpi-esm1-2-hr_r1i1p1f1_w5e5_ssp126_tas_07_2041_2070_norm","deheson_W4",29.45,"07_2041","tas","ssp126"
"247","CHELSA_mpi-esm1-2-hr_r1i1p1f1_w5e5_ssp126_tas_07_2041_2070_norm","deheson_O6",29.35,"07_2041","tas","ssp126"
"248","CHELSA_mpi-esm1-2-hr_r1i1p1f1_w5e5_ssp126_tas_08_2041_2070_norm","atoquedo",27.7500000000001,"08_2041","tas","ssp126"
"249","CHELSA_mpi-esm1-2-hr_r1i1p1f1_w5e5_ssp126_tas_08_2041_2070_norm","la_cana",27.15,"08_2041","tas","ssp126"
"250","CHELSA_mpi-esm1-2-hr_r1i1p1f1_w5e5_ssp126_tas_08_2041_2070_norm","la_ciervina",27.65,"08_2041","tas","ssp126"
"251","CHELSA_mpi-esm1-2-hr_r1i1p1f1_w5e5_ssp126_tas_08_2041_2070_norm","las_casillas",27.7500000000001,"08_2041","tas","ssp126"
"252","CHELSA_mpi-esm1-2-hr_r1i1p1f1_w5e5_ssp126_tas_08_2041_2070_norm","la_villa",27.65,"08_2041","tas","ssp126"
"253","CHELSA_mpi-esm1-2-hr_r1i1p1f1_w5e5_ssp126_tas_08_2041_2070_norm","valdelacasa",28.65,"08_2041","tas","ssp126"
"254","CHELSA_mpi-esm1-2-hr_r1i1p1f1_w5e5_ssp126_tas_08_2041_2070_norm","deheson_S3",28.45,"08_2041","tas","ssp126"
"255","CHELSA_mpi-esm1-2-hr_r1i1p1f1_w5e5_ssp126_tas_08_2041_2070_norm","deheson_W1",28.45,"08_2041","tas","ssp126"
"256","CHELSA_mpi-esm1-2-hr_r1i1p1f1_w5e5_ssp126_tas_08_2041_2070_norm","deheson_C2",28.65,"08_2041","tas","ssp126"
"257","CHELSA_mpi-esm1-2-hr_r1i1p1f1_w5e5_ssp126_tas_08_2041_2070_norm","deheson_S7",28.45,"08_2041","tas","ssp126"
"258","CHELSA_mpi-esm1-2-hr_r1i1p1f1_w5e5_ssp126_tas_08_2041_2070_norm","deheson_C5",28.55,"08_2041","tas","ssp126"
"259","CHELSA_mpi-esm1-2-hr_r1i1p1f1_w5e5_ssp126_tas_08_2041_2070_norm","deheson_W4",28.55,"08_2041","tas","ssp126"
"260","CHELSA_mpi-esm1-2-hr_r1i1p1f1_w5e5_ssp126_tas_08_2041_2070_norm","deheson_O6",28.55,"08_2041","tas","ssp126"
"261","CHELSA_mpi-esm1-2-hr_r1i1p1f1_w5e5_ssp126_tas_09_2041_2070_norm","atoquedo",23.7500000000001,"09_2041","tas","ssp126"
"262","CHELSA_mpi-esm1-2-hr_r1i1p1f1_w5e5_ssp126_tas_09_2041_2070_norm","la_cana",23.35,"09_2041","tas","ssp126"
"263","CHELSA_mpi-esm1-2-hr_r1i1p1f1_w5e5_ssp126_tas_09_2041_2070_norm","la_ciervina",23.65,"09_2041","tas","ssp126"
"264","CHELSA_mpi-esm1-2-hr_r1i1p1f1_w5e5_ssp126_tas_09_2041_2070_norm","las_casillas",23.85,"09_2041","tas","ssp126"
"265","CHELSA_mpi-esm1-2-hr_r1i1p1f1_w5e5_ssp126_tas_09_2041_2070_norm","la_villa",23.7500000000001,"09_2041","tas","ssp126"
"266","CHELSA_mpi-esm1-2-hr_r1i1p1f1_w5e5_ssp126_tas_09_2041_2070_norm","valdelacasa",24.55,"09_2041","tas","ssp126"
"267","CHELSA_mpi-esm1-2-hr_r1i1p1f1_w5e5_ssp126_tas_09_2041_2070_norm","deheson_S3",24.05,"09_2041","tas","ssp126"
"268","CHELSA_mpi-esm1-2-hr_r1i1p1f1_w5e5_ssp126_tas_09_2041_2070_norm","deheson_W1",24.05,"09_2041","tas","ssp126"
"269","CHELSA_mpi-esm1-2-hr_r1i1p1f1_w5e5_ssp126_tas_09_2041_2070_norm","deheson_C2",24.15,"09_2041","tas","ssp126"
"270","CHELSA_mpi-esm1-2-hr_r1i1p1f1_w5e5_ssp126_tas_09_2041_2070_norm","deheson_S7",24.05,"09_2041","tas","ssp126"
"271","CHELSA_mpi-esm1-2-hr_r1i1p1f1_w5e5_ssp126_tas_09_2041_2070_norm","deheson_C5",24.15,"09_2041","tas","ssp126"
"272","CHELSA_mpi-esm1-2-hr_r1i1p1f1_w5e5_ssp126_tas_09_2041_2070_norm","deheson_W4",24.15,"09_2041","tas","ssp126"
"273","CHELSA_mpi-esm1-2-hr_r1i1p1f1_w5e5_ssp126_tas_09_2041_2070_norm","deheson_O6",24.15,"09_2041","tas","ssp126"
"274","CHELSA_mpi-esm1-2-hr_r1i1p1f1_w5e5_ssp126_tas_10_2041_2070_norm","atoquedo",18.65,"10_2041","tas","ssp126"
"275","CHELSA_mpi-esm1-2-hr_r1i1p1f1_w5e5_ssp126_tas_10_2041_2070_norm","la_cana",18.35,"10_2041","tas","ssp126"
"276","CHELSA_mpi-esm1-2-hr_r1i1p1f1_w5e5_ssp126_tas_10_2041_2070_norm","la_ciervina",18.65,"10_2041","tas","ssp126"
"277","CHELSA_mpi-esm1-2-hr_r1i1p1f1_w5e5_ssp126_tas_10_2041_2070_norm","las_casillas",18.95,"10_2041","tas","ssp126"
"278","CHELSA_mpi-esm1-2-hr_r1i1p1f1_w5e5_ssp126_tas_10_2041_2070_norm","la_villa",18.65,"10_2041","tas","ssp126"
"279","CHELSA_mpi-esm1-2-hr_r1i1p1f1_w5e5_ssp126_tas_10_2041_2070_norm","valdelacasa",19.15,"10_2041","tas","ssp126"
"280","CHELSA_mpi-esm1-2-hr_r1i1p1f1_w5e5_ssp126_tas_10_2041_2070_norm","deheson_S3",18.55,"10_2041","tas","ssp126"
"281","CHELSA_mpi-esm1-2-hr_r1i1p1f1_w5e5_ssp126_tas_10_2041_2070_norm","deheson_W1",18.55,"10_2041","tas","ssp126"
"282","CHELSA_mpi-esm1-2-hr_r1i1p1f1_w5e5_ssp126_tas_10_2041_2070_norm","deheson_C2",18.65,"10_2041","tas","ssp126"
"283","CHELSA_mpi-esm1-2-hr_r1i1p1f1_w5e5_ssp126_tas_10_2041_2070_norm","deheson_S7",18.55,"10_2041","tas","ssp126"
"284","CHELSA_mpi-esm1-2-hr_r1i1p1f1_w5e5_ssp126_tas_10_2041_2070_norm","deheson_C5",18.55,"10_2041","tas","ssp126"
"285","CHELSA_mpi-esm1-2-hr_r1i1p1f1_w5e5_ssp126_tas_10_2041_2070_norm","deheson_W4",18.65,"10_2041","tas","ssp126"
"286","CHELSA_mpi-esm1-2-hr_r1i1p1f1_w5e5_ssp126_tas_10_2041_2070_norm","deheson_O6",18.55,"10_2041","tas","ssp126"
"287","CHELSA_mpi-esm1-2-hr_r1i1p1f1_w5e5_ssp126_tas_11_2041_2070_norm","atoquedo",12.65,"11_2041","tas","ssp126"
"288","CHELSA_mpi-esm1-2-hr_r1i1p1f1_w5e5_ssp126_tas_11_2041_2070_norm","la_cana",12.45,"11_2041","tas","ssp126"
"289","CHELSA_mpi-esm1-2-hr_r1i1p1f1_w5e5_ssp126_tas_11_2041_2070_norm","la_ciervina",12.55,"11_2041","tas","ssp126"
"290","CHELSA_mpi-esm1-2-hr_r1i1p1f1_w5e5_ssp126_tas_11_2041_2070_norm","las_casillas",12.95,"11_2041","tas","ssp126"
"291","CHELSA_mpi-esm1-2-hr_r1i1p1f1_w5e5_ssp126_tas_11_2041_2070_norm","la_villa",12.7500000000001,"11_2041","tas","ssp126"
"292","CHELSA_mpi-esm1-2-hr_r1i1p1f1_w5e5_ssp126_tas_11_2041_2070_norm","valdelacasa",12.85,"11_2041","tas","ssp126"
"293","CHELSA_mpi-esm1-2-hr_r1i1p1f1_w5e5_ssp126_tas_11_2041_2070_norm","deheson_S3",12.45,"11_2041","tas","ssp126"
"294","CHELSA_mpi-esm1-2-hr_r1i1p1f1_w5e5_ssp126_tas_11_2041_2070_norm","deheson_W1",12.45,"11_2041","tas","ssp126"
"295","CHELSA_mpi-esm1-2-hr_r1i1p1f1_w5e5_ssp126_tas_11_2041_2070_norm","deheson_C2",12.55,"11_2041","tas","ssp126"
"296","CHELSA_mpi-esm1-2-hr_r1i1p1f1_w5e5_ssp126_tas_11_2041_2070_norm","deheson_S7",12.45,"11_2041","tas","ssp126"
"297","CHELSA_mpi-esm1-2-hr_r1i1p1f1_w5e5_ssp126_tas_11_2041_2070_norm","deheson_C5",12.55,"11_2041","tas","ssp126"
"298","CHELSA_mpi-esm1-2-hr_r1i1p1f1_w5e5_ssp126_tas_11_2041_2070_norm","deheson_W4",12.55,"11_2041","tas","ssp126"
"299","CHELSA_mpi-esm1-2-hr_r1i1p1f1_w5e5_ssp126_tas_11_2041_2070_norm","deheson_O6",12.55,"11_2041","tas","ssp126"
"300","CHELSA_mpi-esm1-2-hr_r1i1p1f1_w5e5_ssp126_tas_12_2041_2070_norm","atoquedo",9.15000000000003,"12_2041","tas","ssp126"
"301","CHELSA_mpi-esm1-2-hr_r1i1p1f1_w5e5_ssp126_tas_12_2041_2070_norm","la_cana",8.95000000000005,"12_2041","tas","ssp126"
"302","CHELSA_mpi-esm1-2-hr_r1i1p1f1_w5e5_ssp126_tas_12_2041_2070_norm","la_ciervina",9.15000000000003,"12_2041","tas","ssp126"
"303","CHELSA_mpi-esm1-2-hr_r1i1p1f1_w5e5_ssp126_tas_12_2041_2070_norm","las_casillas",9.45000000000005,"12_2041","tas","ssp126"
"304","CHELSA_mpi-esm1-2-hr_r1i1p1f1_w5e5_ssp126_tas_12_2041_2070_norm","la_villa",9.25000000000006,"12_2041","tas","ssp126"
"305","CHELSA_mpi-esm1-2-hr_r1i1p1f1_w5e5_ssp126_tas_12_2041_2070_norm","valdelacasa",9.35000000000002,"12_2041","tas","ssp126"
"306","CHELSA_mpi-esm1-2-hr_r1i1p1f1_w5e5_ssp126_tas_12_2041_2070_norm","deheson_S3",8.85000000000002,"12_2041","tas","ssp126"
"307","CHELSA_mpi-esm1-2-hr_r1i1p1f1_w5e5_ssp126_tas_12_2041_2070_norm","deheson_W1",8.85000000000002,"12_2041","tas","ssp126"
"308","CHELSA_mpi-esm1-2-hr_r1i1p1f1_w5e5_ssp126_tas_12_2041_2070_norm","deheson_C2",8.95000000000005,"12_2041","tas","ssp126"
"309","CHELSA_mpi-esm1-2-hr_r1i1p1f1_w5e5_ssp126_tas_12_2041_2070_norm","deheson_S7",8.85000000000002,"12_2041","tas","ssp126"
"310","CHELSA_mpi-esm1-2-hr_r1i1p1f1_w5e5_ssp126_tas_12_2041_2070_norm","deheson_C5",8.95000000000005,"12_2041","tas","ssp126"
"311","CHELSA_mpi-esm1-2-hr_r1i1p1f1_w5e5_ssp126_tas_12_2041_2070_norm","deheson_W4",8.95000000000005,"12_2041","tas","ssp126"
"312","CHELSA_mpi-esm1-2-hr_r1i1p1f1_w5e5_ssp126_tas_12_2041_2070_norm","deheson_O6",8.95000000000005,"12_2041","tas","ssp126"
"313","CHELSA_mpi-esm1-2-hr_r1i1p1f1_w5e5_ssp126_tasmax_01_2041_2070_norm","atoquedo",12.55,"01_2041","tasmax","ssp126"
"314","CHELSA_mpi-esm1-2-hr_r1i1p1f1_w5e5_ssp126_tasmax_01_2041_2070_norm","la_cana",12.65,"01_2041","tasmax","ssp126"
"315","CHELSA_mpi-esm1-2-hr_r1i1p1f1_w5e5_ssp126_tasmax_01_2041_2070_norm","la_ciervina",12.65,"01_2041","tasmax","ssp126"
"316","CHELSA_mpi-esm1-2-hr_r1i1p1f1_w5e5_ssp126_tasmax_01_2041_2070_norm","las_casillas",12.85,"01_2041","tasmax","ssp126"
"317","CHELSA_mpi-esm1-2-hr_r1i1p1f1_w5e5_ssp126_tasmax_01_2041_2070_norm","la_villa",12.65,"01_2041","tasmax","ssp126"
"318","CHELSA_mpi-esm1-2-hr_r1i1p1f1_w5e5_ssp126_tasmax_01_2041_2070_norm","valdelacasa",12.85,"01_2041","tasmax","ssp126"
"319","CHELSA_mpi-esm1-2-hr_r1i1p1f1_w5e5_ssp126_tasmax_01_2041_2070_norm","deheson_S3",12.15,"01_2041","tasmax","ssp126"
"320","CHELSA_mpi-esm1-2-hr_r1i1p1f1_w5e5_ssp126_tasmax_01_2041_2070_norm","deheson_W1",12.15,"01_2041","tasmax","ssp126"
"321","CHELSA_mpi-esm1-2-hr_r1i1p1f1_w5e5_ssp126_tasmax_01_2041_2070_norm","deheson_C2",12.35,"01_2041","tasmax","ssp126"
"322","CHELSA_mpi-esm1-2-hr_r1i1p1f1_w5e5_ssp126_tasmax_01_2041_2070_norm","deheson_S7",12.15,"01_2041","tasmax","ssp126"
"323","CHELSA_mpi-esm1-2-hr_r1i1p1f1_w5e5_ssp126_tasmax_01_2041_2070_norm","deheson_C5",12.2500000000001,"01_2041","tasmax","ssp126"
"324","CHELSA_mpi-esm1-2-hr_r1i1p1f1_w5e5_ssp126_tasmax_01_2041_2070_norm","deheson_W4",12.35,"01_2041","tasmax","ssp126"
"325","CHELSA_mpi-esm1-2-hr_r1i1p1f1_w5e5_ssp126_tasmax_01_2041_2070_norm","deheson_O6",12.2500000000001,"01_2041","tasmax","ssp126"
"326","CHELSA_mpi-esm1-2-hr_r1i1p1f1_w5e5_ssp126_tasmax_02_2041_2070_norm","atoquedo",14.55,"02_2041","tasmax","ssp126"
"327","CHELSA_mpi-esm1-2-hr_r1i1p1f1_w5e5_ssp126_tasmax_02_2041_2070_norm","la_cana",14.35,"02_2041","tasmax","ssp126"
"328","CHELSA_mpi-esm1-2-hr_r1i1p1f1_w5e5_ssp126_tasmax_02_2041_2070_norm","la_ciervina",14.45,"02_2041","tasmax","ssp126"
"329","CHELSA_mpi-esm1-2-hr_r1i1p1f1_w5e5_ssp126_tasmax_02_2041_2070_norm","las_casillas",14.7500000000001,"02_2041","tasmax","ssp126"
"330","CHELSA_mpi-esm1-2-hr_r1i1p1f1_w5e5_ssp126_tasmax_02_2041_2070_norm","la_villa",14.65,"02_2041","tasmax","ssp126"
"331","CHELSA_mpi-esm1-2-hr_r1i1p1f1_w5e5_ssp126_tasmax_02_2041_2070_norm","valdelacasa",14.85,"02_2041","tasmax","ssp126"
"332","CHELSA_mpi-esm1-2-hr_r1i1p1f1_w5e5_ssp126_tasmax_02_2041_2070_norm","deheson_S3",14.35,"02_2041","tasmax","ssp126"
"333","CHELSA_mpi-esm1-2-hr_r1i1p1f1_w5e5_ssp126_tasmax_02_2041_2070_norm","deheson_W1",14.35,"02_2041","tasmax","ssp126"
"334","CHELSA_mpi-esm1-2-hr_r1i1p1f1_w5e5_ssp126_tasmax_02_2041_2070_norm","deheson_C2",14.45,"02_2041","tasmax","ssp126"
"335","CHELSA_mpi-esm1-2-hr_r1i1p1f1_w5e5_ssp126_tasmax_02_2041_2070_norm","deheson_S7",14.35,"02_2041","tasmax","ssp126"
"336","CHELSA_mpi-esm1-2-hr_r1i1p1f1_w5e5_ssp126_tasmax_02_2041_2070_norm","deheson_C5",14.45,"02_2041","tasmax","ssp126"
"337","CHELSA_mpi-esm1-2-hr_r1i1p1f1_w5e5_ssp126_tasmax_02_2041_2070_norm","deheson_W4",14.45,"02_2041","tasmax","ssp126"
"338","CHELSA_mpi-esm1-2-hr_r1i1p1f1_w5e5_ssp126_tasmax_02_2041_2070_norm","deheson_O6",14.45,"02_2041","tasmax","ssp126"
"339","CHELSA_mpi-esm1-2-hr_r1i1p1f1_w5e5_ssp126_tasmax_03_2041_2070_norm","atoquedo",17.45,"03_2041","tasmax","ssp126"
"340","CHELSA_mpi-esm1-2-hr_r1i1p1f1_w5e5_ssp126_tasmax_03_2041_2070_norm","la_cana",17.2500000000001,"03_2041","tasmax","ssp126"
"341","CHELSA_mpi-esm1-2-hr_r1i1p1f1_w5e5_ssp126_tasmax_03_2041_2070_norm","la_ciervina",17.45,"03_2041","tasmax","ssp126"
"342","CHELSA_mpi-esm1-2-hr_r1i1p1f1_w5e5_ssp126_tasmax_03_2041_2070_norm","las_casillas",17.65,"03_2041","tasmax","ssp126"
"343","CHELSA_mpi-esm1-2-hr_r1i1p1f1_w5e5_ssp126_tasmax_03_2041_2070_norm","la_villa",17.55,"03_2041","tasmax","ssp126"
"344","CHELSA_mpi-esm1-2-hr_r1i1p1f1_w5e5_ssp126_tasmax_03_2041_2070_norm","valdelacasa",17.95,"03_2041","tasmax","ssp126"
"345","CHELSA_mpi-esm1-2-hr_r1i1p1f1_w5e5_ssp126_tasmax_03_2041_2070_norm","deheson_S3",17.45,"03_2041","tasmax","ssp126"
"346","CHELSA_mpi-esm1-2-hr_r1i1p1f1_w5e5_ssp126_tasmax_03_2041_2070_norm","deheson_W1",17.45,"03_2041","tasmax","ssp126"
"347","CHELSA_mpi-esm1-2-hr_r1i1p1f1_w5e5_ssp126_tasmax_03_2041_2070_norm","deheson_C2",17.55,"03_2041","tasmax","ssp126"
"348","CHELSA_mpi-esm1-2-hr_r1i1p1f1_w5e5_ssp126_tasmax_03_2041_2070_norm","deheson_S7",17.45,"03_2041","tasmax","ssp126"
"349","CHELSA_mpi-esm1-2-hr_r1i1p1f1_w5e5_ssp126_tasmax_03_2041_2070_norm","deheson_C5",17.55,"03_2041","tasmax","ssp126"
"350","CHELSA_mpi-esm1-2-hr_r1i1p1f1_w5e5_ssp126_tasmax_03_2041_2070_norm","deheson_W4",17.55,"03_2041","tasmax","ssp126"
"351","CHELSA_mpi-esm1-2-hr_r1i1p1f1_w5e5_ssp126_tasmax_03_2041_2070_norm","deheson_O6",17.55,"03_2041","tasmax","ssp126"
"352","CHELSA_mpi-esm1-2-hr_r1i1p1f1_w5e5_ssp126_tasmax_04_2041_2070_norm","atoquedo",18.55,"04_2041","tasmax","ssp126"
"353","CHELSA_mpi-esm1-2-hr_r1i1p1f1_w5e5_ssp126_tasmax_04_2041_2070_norm","la_cana",18.35,"04_2041","tasmax","ssp126"
"354","CHELSA_mpi-esm1-2-hr_r1i1p1f1_w5e5_ssp126_tasmax_04_2041_2070_norm","la_ciervina",18.55,"04_2041","tasmax","ssp126"
"355","CHELSA_mpi-esm1-2-hr_r1i1p1f1_w5e5_ssp126_tasmax_04_2041_2070_norm","las_casillas",18.65,"04_2041","tasmax","ssp126"
"356","CHELSA_mpi-esm1-2-hr_r1i1p1f1_w5e5_ssp126_tasmax_04_2041_2070_norm","la_villa",18.55,"04_2041","tasmax","ssp126"
"357","CHELSA_mpi-esm1-2-hr_r1i1p1f1_w5e5_ssp126_tasmax_04_2041_2070_norm","valdelacasa",19.05,"04_2041","tasmax","ssp126"
"358","CHELSA_mpi-esm1-2-hr_r1i1p1f1_w5e5_ssp126_tasmax_04_2041_2070_norm","deheson_S3",18.45,"04_2041","tasmax","ssp126"
"359","CHELSA_mpi-esm1-2-hr_r1i1p1f1_w5e5_ssp126_tasmax_04_2041_2070_norm","deheson_W1",18.35,"04_2041","tasmax","ssp126"
"360","CHELSA_mpi-esm1-2-hr_r1i1p1f1_w5e5_ssp126_tasmax_04_2041_2070_norm","deheson_C2",18.55,"04_2041","tasmax","ssp126"
"361","CHELSA_mpi-esm1-2-hr_r1i1p1f1_w5e5_ssp126_tasmax_04_2041_2070_norm","deheson_S7",18.45,"04_2041","tasmax","ssp126"
"362","CHELSA_mpi-esm1-2-hr_r1i1p1f1_w5e5_ssp126_tasmax_04_2041_2070_norm","deheson_C5",18.55,"04_2041","tasmax","ssp126"
"363","CHELSA_mpi-esm1-2-hr_r1i1p1f1_w5e5_ssp126_tasmax_04_2041_2070_norm","deheson_W4",18.55,"04_2041","tasmax","ssp126"
"364","CHELSA_mpi-esm1-2-hr_r1i1p1f1_w5e5_ssp126_tasmax_04_2041_2070_norm","deheson_O6",18.55,"04_2041","tasmax","ssp126"
"365","CHELSA_mpi-esm1-2-hr_r1i1p1f1_w5e5_ssp126_tasmax_05_2041_2070_norm","atoquedo",24.2500000000001,"05_2041","tasmax","ssp126"
"366","CHELSA_mpi-esm1-2-hr_r1i1p1f1_w5e5_ssp126_tasmax_05_2041_2070_norm","la_cana",24.15,"05_2041","tasmax","ssp126"
"367","CHELSA_mpi-esm1-2-hr_r1i1p1f1_w5e5_ssp126_tasmax_05_2041_2070_norm","la_ciervina",24.2500000000001,"05_2041","tasmax","ssp126"
"368","CHELSA_mpi-esm1-2-hr_r1i1p1f1_w5e5_ssp126_tasmax_05_2041_2070_norm","las_casillas",24.35,"05_2041","tasmax","ssp126"
"369","CHELSA_mpi-esm1-2-hr_r1i1p1f1_w5e5_ssp126_tasmax_05_2041_2070_norm","la_villa",24.15,"05_2041","tasmax","ssp126"
"370","CHELSA_mpi-esm1-2-hr_r1i1p1f1_w5e5_ssp126_tasmax_05_2041_2070_norm","valdelacasa",24.65,"05_2041","tasmax","ssp126"
"371","CHELSA_mpi-esm1-2-hr_r1i1p1f1_w5e5_ssp126_tasmax_05_2041_2070_norm","deheson_S3",24.2500000000001,"05_2041","tasmax","ssp126"
"372","CHELSA_mpi-esm1-2-hr_r1i1p1f1_w5e5_ssp126_tasmax_05_2041_2070_norm","deheson_W1",24.2500000000001,"05_2041","tasmax","ssp126"
"373","CHELSA_mpi-esm1-2-hr_r1i1p1f1_w5e5_ssp126_tasmax_05_2041_2070_norm","deheson_C2",24.35,"05_2041","tasmax","ssp126"
"374","CHELSA_mpi-esm1-2-hr_r1i1p1f1_w5e5_ssp126_tasmax_05_2041_2070_norm","deheson_S7",24.2500000000001,"05_2041","tasmax","ssp126"
"375","CHELSA_mpi-esm1-2-hr_r1i1p1f1_w5e5_ssp126_tasmax_05_2041_2070_norm","deheson_C5",24.35,"05_2041","tasmax","ssp126"
"376","CHELSA_mpi-esm1-2-hr_r1i1p1f1_w5e5_ssp126_tasmax_05_2041_2070_norm","deheson_W4",24.35,"05_2041","tasmax","ssp126"
"377","CHELSA_mpi-esm1-2-hr_r1i1p1f1_w5e5_ssp126_tasmax_05_2041_2070_norm","deheson_O6",24.35,"05_2041","tasmax","ssp126"
"378","CHELSA_mpi-esm1-2-hr_r1i1p1f1_w5e5_ssp126_tasmax_06_2041_2070_norm","atoquedo",30.7500000000001,"06_2041","tasmax","ssp126"
"379","CHELSA_mpi-esm1-2-hr_r1i1p1f1_w5e5_ssp126_tasmax_06_2041_2070_norm","la_cana",30.65,"06_2041","tasmax","ssp126"
"380","CHELSA_mpi-esm1-2-hr_r1i1p1f1_w5e5_ssp126_tasmax_06_2041_2070_norm","la_ciervina",30.7500000000001,"06_2041","tasmax","ssp126"
"381","CHELSA_mpi-esm1-2-hr_r1i1p1f1_w5e5_ssp126_tasmax_06_2041_2070_norm","las_casillas",30.85,"06_2041","tasmax","ssp126"
"382","CHELSA_mpi-esm1-2-hr_r1i1p1f1_w5e5_ssp126_tasmax_06_2041_2070_norm","la_villa",30.65,"06_2041","tasmax","ssp126"
"383","CHELSA_mpi-esm1-2-hr_r1i1p1f1_w5e5_ssp126_tasmax_06_2041_2070_norm","valdelacasa",31.15,"06_2041","tasmax","ssp126"
"384","CHELSA_mpi-esm1-2-hr_r1i1p1f1_w5e5_ssp126_tasmax_06_2041_2070_norm","deheson_S3",30.7500000000001,"06_2041","tasmax","ssp126"
"385","CHELSA_mpi-esm1-2-hr_r1i1p1f1_w5e5_ssp126_tasmax_06_2041_2070_norm","deheson_W1",30.7500000000001,"06_2041","tasmax","ssp126"
"386","CHELSA_mpi-esm1-2-hr_r1i1p1f1_w5e5_ssp126_tasmax_06_2041_2070_norm","deheson_C2",30.85,"06_2041","tasmax","ssp126"
"387","CHELSA_mpi-esm1-2-hr_r1i1p1f1_w5e5_ssp126_tasmax_06_2041_2070_norm","deheson_S7",30.85,"06_2041","tasmax","ssp126"
"388","CHELSA_mpi-esm1-2-hr_r1i1p1f1_w5e5_ssp126_tasmax_06_2041_2070_norm","deheson_C5",30.85,"06_2041","tasmax","ssp126"
"389","CHELSA_mpi-esm1-2-hr_r1i1p1f1_w5e5_ssp126_tasmax_06_2041_2070_norm","deheson_W4",30.85,"06_2041","tasmax","ssp126"
"390","CHELSA_mpi-esm1-2-hr_r1i1p1f1_w5e5_ssp126_tasmax_06_2041_2070_norm","deheson_O6",30.85,"06_2041","tasmax","ssp126"
"391","CHELSA_mpi-esm1-2-hr_r1i1p1f1_w5e5_ssp126_tasmax_07_2041_2070_norm","atoquedo",34.7500000000001,"07_2041","tasmax","ssp126"
"392","CHELSA_mpi-esm1-2-hr_r1i1p1f1_w5e5_ssp126_tasmax_07_2041_2070_norm","la_cana",34.2500000000001,"07_2041","tasmax","ssp126"
"393","CHELSA_mpi-esm1-2-hr_r1i1p1f1_w5e5_ssp126_tasmax_07_2041_2070_norm","la_ciervina",34.5500000000001,"07_2041","tasmax","ssp126"
"394","CHELSA_mpi-esm1-2-hr_r1i1p1f1_w5e5_ssp126_tasmax_07_2041_2070_norm","las_casillas",34.65,"07_2041","tasmax","ssp126"
"395","CHELSA_mpi-esm1-2-hr_r1i1p1f1_w5e5_ssp126_tasmax_07_2041_2070_norm","la_villa",34.5500000000001,"07_2041","tasmax","ssp126"
"396","CHELSA_mpi-esm1-2-hr_r1i1p1f1_w5e5_ssp126_tasmax_07_2041_2070_norm","valdelacasa",35.35,"07_2041","tasmax","ssp126"
"397","CHELSA_mpi-esm1-2-hr_r1i1p1f1_w5e5_ssp126_tasmax_07_2041_2070_norm","deheson_S3",35.0500000000001,"07_2041","tasmax","ssp126"
"398","CHELSA_mpi-esm1-2-hr_r1i1p1f1_w5e5_ssp126_tasmax_07_2041_2070_norm","deheson_W1",35.0500000000001,"07_2041","tasmax","ssp126"
"399","CHELSA_mpi-esm1-2-hr_r1i1p1f1_w5e5_ssp126_tasmax_07_2041_2070_norm","deheson_C2",35.15,"07_2041","tasmax","ssp126"
"400","CHELSA_mpi-esm1-2-hr_r1i1p1f1_w5e5_ssp126_tasmax_07_2041_2070_norm","deheson_S7",35.0500000000001,"07_2041","tasmax","ssp126"
"401","CHELSA_mpi-esm1-2-hr_r1i1p1f1_w5e5_ssp126_tasmax_07_2041_2070_norm","deheson_C5",35.15,"07_2041","tasmax","ssp126"
"402","CHELSA_mpi-esm1-2-hr_r1i1p1f1_w5e5_ssp126_tasmax_07_2041_2070_norm","deheson_W4",35.15,"07_2041","tasmax","ssp126"
"403","CHELSA_mpi-esm1-2-hr_r1i1p1f1_w5e5_ssp126_tasmax_07_2041_2070_norm","deheson_O6",35.15,"07_2041","tasmax","ssp126"
"404","CHELSA_mpi-esm1-2-hr_r1i1p1f1_w5e5_ssp126_tasmax_08_2041_2070_norm","atoquedo",34.0500000000001,"08_2041","tasmax","ssp126"
"405","CHELSA_mpi-esm1-2-hr_r1i1p1f1_w5e5_ssp126_tasmax_08_2041_2070_norm","la_cana",33.55,"08_2041","tasmax","ssp126"
"406","CHELSA_mpi-esm1-2-hr_r1i1p1f1_w5e5_ssp126_tasmax_08_2041_2070_norm","la_ciervina",33.95,"08_2041","tasmax","ssp126"
"407","CHELSA_mpi-esm1-2-hr_r1i1p1f1_w5e5_ssp126_tasmax_08_2041_2070_norm","las_casillas",34.0500000000001,"08_2041","tasmax","ssp126"
"408","CHELSA_mpi-esm1-2-hr_r1i1p1f1_w5e5_ssp126_tasmax_08_2041_2070_norm","la_villa",34.0500000000001,"08_2041","tasmax","ssp126"
"409","CHELSA_mpi-esm1-2-hr_r1i1p1f1_w5e5_ssp126_tasmax_08_2041_2070_norm","valdelacasa",34.7500000000001,"08_2041","tasmax","ssp126"
"410","CHELSA_mpi-esm1-2-hr_r1i1p1f1_w5e5_ssp126_tasmax_08_2041_2070_norm","deheson_S3",34.45,"08_2041","tasmax","ssp126"
"411","CHELSA_mpi-esm1-2-hr_r1i1p1f1_w5e5_ssp126_tasmax_08_2041_2070_norm","deheson_W1",34.35,"08_2041","tasmax","ssp126"
"412","CHELSA_mpi-esm1-2-hr_r1i1p1f1_w5e5_ssp126_tasmax_08_2041_2070_norm","deheson_C2",34.5500000000001,"08_2041","tasmax","ssp126"
"413","CHELSA_mpi-esm1-2-hr_r1i1p1f1_w5e5_ssp126_tasmax_08_2041_2070_norm","deheson_S7",34.45,"08_2041","tasmax","ssp126"
"414","CHELSA_mpi-esm1-2-hr_r1i1p1f1_w5e5_ssp126_tasmax_08_2041_2070_norm","deheson_C5",34.45,"08_2041","tasmax","ssp126"
"415","CHELSA_mpi-esm1-2-hr_r1i1p1f1_w5e5_ssp126_tasmax_08_2041_2070_norm","deheson_W4",34.5500000000001,"08_2041","tasmax","ssp126"
"416","CHELSA_mpi-esm1-2-hr_r1i1p1f1_w5e5_ssp126_tasmax_08_2041_2070_norm","deheson_O6",34.45,"08_2041","tasmax","ssp126"
"417","CHELSA_mpi-esm1-2-hr_r1i1p1f1_w5e5_ssp126_tasmax_09_2041_2070_norm","atoquedo",29.65,"09_2041","tasmax","ssp126"
"418","CHELSA_mpi-esm1-2-hr_r1i1p1f1_w5e5_ssp126_tasmax_09_2041_2070_norm","la_cana",29.35,"09_2041","tasmax","ssp126"
"419","CHELSA_mpi-esm1-2-hr_r1i1p1f1_w5e5_ssp126_tasmax_09_2041_2070_norm","la_ciervina",29.65,"09_2041","tasmax","ssp126"
"420","CHELSA_mpi-esm1-2-hr_r1i1p1f1_w5e5_ssp126_tasmax_09_2041_2070_norm","las_casillas",29.65,"09_2041","tasmax","ssp126"
"421","CHELSA_mpi-esm1-2-hr_r1i1p1f1_w5e5_ssp126_tasmax_09_2041_2070_norm","la_villa",29.55,"09_2041","tasmax","ssp126"
"422","CHELSA_mpi-esm1-2-hr_r1i1p1f1_w5e5_ssp126_tasmax_09_2041_2070_norm","valdelacasa",30.15,"09_2041","tasmax","ssp126"
"423","CHELSA_mpi-esm1-2-hr_r1i1p1f1_w5e5_ssp126_tasmax_09_2041_2070_norm","deheson_S3",29.65,"09_2041","tasmax","ssp126"
"424","CHELSA_mpi-esm1-2-hr_r1i1p1f1_w5e5_ssp126_tasmax_09_2041_2070_norm","deheson_W1",29.55,"09_2041","tasmax","ssp126"
"425","CHELSA_mpi-esm1-2-hr_r1i1p1f1_w5e5_ssp126_tasmax_09_2041_2070_norm","deheson_C2",29.7500000000001,"09_2041","tasmax","ssp126"
"426","CHELSA_mpi-esm1-2-hr_r1i1p1f1_w5e5_ssp126_tasmax_09_2041_2070_norm","deheson_S7",29.55,"09_2041","tasmax","ssp126"
"427","CHELSA_mpi-esm1-2-hr_r1i1p1f1_w5e5_ssp126_tasmax_09_2041_2070_norm","deheson_C5",29.65,"09_2041","tasmax","ssp126"
"428","CHELSA_mpi-esm1-2-hr_r1i1p1f1_w5e5_ssp126_tasmax_09_2041_2070_norm","deheson_W4",29.7500000000001,"09_2041","tasmax","ssp126"
"429","CHELSA_mpi-esm1-2-hr_r1i1p1f1_w5e5_ssp126_tasmax_09_2041_2070_norm","deheson_O6",29.65,"09_2041","tasmax","ssp126"
"430","CHELSA_mpi-esm1-2-hr_r1i1p1f1_w5e5_ssp126_tasmax_10_2041_2070_norm","atoquedo",23.7500000000001,"10_2041","tasmax","ssp126"
"431","CHELSA_mpi-esm1-2-hr_r1i1p1f1_w5e5_ssp126_tasmax_10_2041_2070_norm","la_cana",23.85,"10_2041","tasmax","ssp126"
"432","CHELSA_mpi-esm1-2-hr_r1i1p1f1_w5e5_ssp126_tasmax_10_2041_2070_norm","la_ciervina",23.7500000000001,"10_2041","tasmax","ssp126"
"433","CHELSA_mpi-esm1-2-hr_r1i1p1f1_w5e5_ssp126_tasmax_10_2041_2070_norm","las_casillas",23.95,"10_2041","tasmax","ssp126"
"434","CHELSA_mpi-esm1-2-hr_r1i1p1f1_w5e5_ssp126_tasmax_10_2041_2070_norm","la_villa",23.65,"10_2041","tasmax","ssp126"
"435","CHELSA_mpi-esm1-2-hr_r1i1p1f1_w5e5_ssp126_tasmax_10_2041_2070_norm","valdelacasa",24.05,"10_2041","tasmax","ssp126"
"436","CHELSA_mpi-esm1-2-hr_r1i1p1f1_w5e5_ssp126_tasmax_10_2041_2070_norm","deheson_S3",23.55,"10_2041","tasmax","ssp126"
"437","CHELSA_mpi-esm1-2-hr_r1i1p1f1_w5e5_ssp126_tasmax_10_2041_2070_norm","deheson_W1",23.55,"10_2041","tasmax","ssp126"
"438","CHELSA_mpi-esm1-2-hr_r1i1p1f1_w5e5_ssp126_tasmax_10_2041_2070_norm","deheson_C2",23.65,"10_2041","tasmax","ssp126"
"439","CHELSA_mpi-esm1-2-hr_r1i1p1f1_w5e5_ssp126_tasmax_10_2041_2070_norm","deheson_S7",23.55,"10_2041","tasmax","ssp126"
"440","CHELSA_mpi-esm1-2-hr_r1i1p1f1_w5e5_ssp126_tasmax_10_2041_2070_norm","deheson_C5",23.65,"10_2041","tasmax","ssp126"
"441","CHELSA_mpi-esm1-2-hr_r1i1p1f1_w5e5_ssp126_tasmax_10_2041_2070_norm","deheson_W4",23.65,"10_2041","tasmax","ssp126"
"442","CHELSA_mpi-esm1-2-hr_r1i1p1f1_w5e5_ssp126_tasmax_10_2041_2070_norm","deheson_O6",23.65,"10_2041","tasmax","ssp126"
"443","CHELSA_mpi-esm1-2-hr_r1i1p1f1_w5e5_ssp126_tasmax_11_2041_2070_norm","atoquedo",16.95,"11_2041","tasmax","ssp126"
"444","CHELSA_mpi-esm1-2-hr_r1i1p1f1_w5e5_ssp126_tasmax_11_2041_2070_norm","la_cana",17.05,"11_2041","tasmax","ssp126"
"445","CHELSA_mpi-esm1-2-hr_r1i1p1f1_w5e5_ssp126_tasmax_11_2041_2070_norm","la_ciervina",16.95,"11_2041","tasmax","ssp126"
"446","CHELSA_mpi-esm1-2-hr_r1i1p1f1_w5e5_ssp126_tasmax_11_2041_2070_norm","las_casillas",17.2500000000001,"11_2041","tasmax","ssp126"
"447","CHELSA_mpi-esm1-2-hr_r1i1p1f1_w5e5_ssp126_tasmax_11_2041_2070_norm","la_villa",17.05,"11_2041","tasmax","ssp126"
"448","CHELSA_mpi-esm1-2-hr_r1i1p1f1_w5e5_ssp126_tasmax_11_2041_2070_norm","valdelacasa",17.15,"11_2041","tasmax","ssp126"
"449","CHELSA_mpi-esm1-2-hr_r1i1p1f1_w5e5_ssp126_tasmax_11_2041_2070_norm","deheson_S3",16.65,"11_2041","tasmax","ssp126"
"450","CHELSA_mpi-esm1-2-hr_r1i1p1f1_w5e5_ssp126_tasmax_11_2041_2070_norm","deheson_W1",16.65,"11_2041","tasmax","ssp126"
"451","CHELSA_mpi-esm1-2-hr_r1i1p1f1_w5e5_ssp126_tasmax_11_2041_2070_norm","deheson_C2",16.7500000000001,"11_2041","tasmax","ssp126"
"452","CHELSA_mpi-esm1-2-hr_r1i1p1f1_w5e5_ssp126_tasmax_11_2041_2070_norm","deheson_S7",16.65,"11_2041","tasmax","ssp126"
"453","CHELSA_mpi-esm1-2-hr_r1i1p1f1_w5e5_ssp126_tasmax_11_2041_2070_norm","deheson_C5",16.7500000000001,"11_2041","tasmax","ssp126"
"454","CHELSA_mpi-esm1-2-hr_r1i1p1f1_w5e5_ssp126_tasmax_11_2041_2070_norm","deheson_W4",16.7500000000001,"11_2041","tasmax","ssp126"
"455","CHELSA_mpi-esm1-2-hr_r1i1p1f1_w5e5_ssp126_tasmax_11_2041_2070_norm","deheson_O6",16.7500000000001,"11_2041","tasmax","ssp126"
"456","CHELSA_mpi-esm1-2-hr_r1i1p1f1_w5e5_ssp126_tasmax_12_2041_2070_norm","atoquedo",12.95,"12_2041","tasmax","ssp126"
"457","CHELSA_mpi-esm1-2-hr_r1i1p1f1_w5e5_ssp126_tasmax_12_2041_2070_norm","la_cana",13.05,"12_2041","tasmax","ssp126"
"458","CHELSA_mpi-esm1-2-hr_r1i1p1f1_w5e5_ssp126_tasmax_12_2041_2070_norm","la_ciervina",12.95,"12_2041","tasmax","ssp126"
"459","CHELSA_mpi-esm1-2-hr_r1i1p1f1_w5e5_ssp126_tasmax_12_2041_2070_norm","las_casillas",13.15,"12_2041","tasmax","ssp126"
"460","CHELSA_mpi-esm1-2-hr_r1i1p1f1_w5e5_ssp126_tasmax_12_2041_2070_norm","la_villa",13.05,"12_2041","tasmax","ssp126"
"461","CHELSA_mpi-esm1-2-hr_r1i1p1f1_w5e5_ssp126_tasmax_12_2041_2070_norm","valdelacasa",13.2500000000001,"12_2041","tasmax","ssp126"
"462","CHELSA_mpi-esm1-2-hr_r1i1p1f1_w5e5_ssp126_tasmax_12_2041_2070_norm","deheson_S3",12.55,"12_2041","tasmax","ssp126"
"463","CHELSA_mpi-esm1-2-hr_r1i1p1f1_w5e5_ssp126_tasmax_12_2041_2070_norm","deheson_W1",12.55,"12_2041","tasmax","ssp126"
"464","CHELSA_mpi-esm1-2-hr_r1i1p1f1_w5e5_ssp126_tasmax_12_2041_2070_norm","deheson_C2",12.7500000000001,"12_2041","tasmax","ssp126"
"465","CHELSA_mpi-esm1-2-hr_r1i1p1f1_w5e5_ssp126_tasmax_12_2041_2070_norm","deheson_S7",12.55,"12_2041","tasmax","ssp126"
"466","CHELSA_mpi-esm1-2-hr_r1i1p1f1_w5e5_ssp126_tasmax_12_2041_2070_norm","deheson_C5",12.65,"12_2041","tasmax","ssp126"
"467","CHELSA_mpi-esm1-2-hr_r1i1p1f1_w5e5_ssp126_tasmax_12_2041_2070_norm","deheson_W4",12.7500000000001,"12_2041","tasmax","ssp126"
"468","CHELSA_mpi-esm1-2-hr_r1i1p1f1_w5e5_ssp126_tasmax_12_2041_2070_norm","deheson_O6",12.65,"12_2041","tasmax","ssp126"
"469","CHELSA_mpi-esm1-2-hr_r1i1p1f1_w5e5_ssp126_tasmin_01_2041_2070_norm","atoquedo",3.45000000000005,"01_2041","tasmin","ssp126"
"470","CHELSA_mpi-esm1-2-hr_r1i1p1f1_w5e5_ssp126_tasmin_01_2041_2070_norm","la_cana",3.25000000000006,"01_2041","tasmin","ssp126"
"471","CHELSA_mpi-esm1-2-hr_r1i1p1f1_w5e5_ssp126_tasmin_01_2041_2070_norm","la_ciervina",3.65000000000003,"01_2041","tasmin","ssp126"
"472","CHELSA_mpi-esm1-2-hr_r1i1p1f1_w5e5_ssp126_tasmin_01_2041_2070_norm","las_casillas",4.35000000000002,"01_2041","tasmin","ssp126"
"473","CHELSA_mpi-esm1-2-hr_r1i1p1f1_w5e5_ssp126_tasmin_01_2041_2070_norm","la_villa",3.95000000000005,"01_2041","tasmin","ssp126"
"474","CHELSA_mpi-esm1-2-hr_r1i1p1f1_w5e5_ssp126_tasmin_01_2041_2070_norm","valdelacasa",3.85000000000002,"01_2041","tasmin","ssp126"
"475","CHELSA_mpi-esm1-2-hr_r1i1p1f1_w5e5_ssp126_tasmin_01_2041_2070_norm","deheson_S3",3.45000000000005,"01_2041","tasmin","ssp126"
"476","CHELSA_mpi-esm1-2-hr_r1i1p1f1_w5e5_ssp126_tasmin_01_2041_2070_norm","deheson_W1",3.35000000000002,"01_2041","tasmin","ssp126"
"477","CHELSA_mpi-esm1-2-hr_r1i1p1f1_w5e5_ssp126_tasmin_01_2041_2070_norm","deheson_C2",3.55000000000001,"01_2041","tasmin","ssp126"
"478","CHELSA_mpi-esm1-2-hr_r1i1p1f1_w5e5_ssp126_tasmin_01_2041_2070_norm","deheson_S7",3.45000000000005,"01_2041","tasmin","ssp126"
"479","CHELSA_mpi-esm1-2-hr_r1i1p1f1_w5e5_ssp126_tasmin_01_2041_2070_norm","deheson_C5",3.45000000000005,"01_2041","tasmin","ssp126"
"480","CHELSA_mpi-esm1-2-hr_r1i1p1f1_w5e5_ssp126_tasmin_01_2041_2070_norm","deheson_W4",3.55000000000001,"01_2041","tasmin","ssp126"
"481","CHELSA_mpi-esm1-2-hr_r1i1p1f1_w5e5_ssp126_tasmin_01_2041_2070_norm","deheson_O6",3.45000000000005,"01_2041","tasmin","ssp126"
"482","CHELSA_mpi-esm1-2-hr_r1i1p1f1_w5e5_ssp126_tasmin_02_2041_2070_norm","atoquedo",5.45000000000005,"02_2041","tasmin","ssp126"
"483","CHELSA_mpi-esm1-2-hr_r1i1p1f1_w5e5_ssp126_tasmin_02_2041_2070_norm","la_cana",5.25000000000006,"02_2041","tasmin","ssp126"
"484","CHELSA_mpi-esm1-2-hr_r1i1p1f1_w5e5_ssp126_tasmin_02_2041_2070_norm","la_ciervina",5.55000000000001,"02_2041","tasmin","ssp126"
"485","CHELSA_mpi-esm1-2-hr_r1i1p1f1_w5e5_ssp126_tasmin_02_2041_2070_norm","las_casillas",6.25000000000006,"02_2041","tasmin","ssp126"
"486","CHELSA_mpi-esm1-2-hr_r1i1p1f1_w5e5_ssp126_tasmin_02_2041_2070_norm","la_villa",5.85000000000002,"02_2041","tasmin","ssp126"
"487","CHELSA_mpi-esm1-2-hr_r1i1p1f1_w5e5_ssp126_tasmin_02_2041_2070_norm","valdelacasa",5.85000000000002,"02_2041","tasmin","ssp126"
"488","CHELSA_mpi-esm1-2-hr_r1i1p1f1_w5e5_ssp126_tasmin_02_2041_2070_norm","deheson_S3",5.25000000000006,"02_2041","tasmin","ssp126"
"489","CHELSA_mpi-esm1-2-hr_r1i1p1f1_w5e5_ssp126_tasmin_02_2041_2070_norm","deheson_W1",5.25000000000006,"02_2041","tasmin","ssp126"
"490","CHELSA_mpi-esm1-2-hr_r1i1p1f1_w5e5_ssp126_tasmin_02_2041_2070_norm","deheson_C2",5.35000000000002,"02_2041","tasmin","ssp126"
"491","CHELSA_mpi-esm1-2-hr_r1i1p1f1_w5e5_ssp126_tasmin_02_2041_2070_norm","deheson_S7",5.25000000000006,"02_2041","tasmin","ssp126"
"492","CHELSA_mpi-esm1-2-hr_r1i1p1f1_w5e5_ssp126_tasmin_02_2041_2070_norm","deheson_C5",5.35000000000002,"02_2041","tasmin","ssp126"
"493","CHELSA_mpi-esm1-2-hr_r1i1p1f1_w5e5_ssp126_tasmin_02_2041_2070_norm","deheson_W4",5.35000000000002,"02_2041","tasmin","ssp126"
"494","CHELSA_mpi-esm1-2-hr_r1i1p1f1_w5e5_ssp126_tasmin_02_2041_2070_norm","deheson_O6",5.35000000000002,"02_2041","tasmin","ssp126"
"495","CHELSA_mpi-esm1-2-hr_r1i1p1f1_w5e5_ssp126_tasmin_03_2041_2070_norm","atoquedo",7.05000000000001,"03_2041","tasmin","ssp126"
"496","CHELSA_mpi-esm1-2-hr_r1i1p1f1_w5e5_ssp126_tasmin_03_2041_2070_norm","la_cana",6.65000000000003,"03_2041","tasmin","ssp126"
"497","CHELSA_mpi-esm1-2-hr_r1i1p1f1_w5e5_ssp126_tasmin_03_2041_2070_norm","la_ciervina",7.05000000000001,"03_2041","tasmin","ssp126"
"498","CHELSA_mpi-esm1-2-hr_r1i1p1f1_w5e5_ssp126_tasmin_03_2041_2070_norm","las_casillas",7.75000000000006,"03_2041","tasmin","ssp126"
"499","CHELSA_mpi-esm1-2-hr_r1i1p1f1_w5e5_ssp126_tasmin_03_2041_2070_norm","la_villa",7.35000000000002,"03_2041","tasmin","ssp126"
"500","CHELSA_mpi-esm1-2-hr_r1i1p1f1_w5e5_ssp126_tasmin_03_2041_2070_norm","valdelacasa",7.55000000000001,"03_2041","tasmin","ssp126"
"501","CHELSA_mpi-esm1-2-hr_r1i1p1f1_w5e5_ssp126_tasmin_03_2041_2070_norm","deheson_S3",6.95000000000005,"03_2041","tasmin","ssp126"
"502","CHELSA_mpi-esm1-2-hr_r1i1p1f1_w5e5_ssp126_tasmin_03_2041_2070_norm","deheson_W1",6.95000000000005,"03_2041","tasmin","ssp126"
"503","CHELSA_mpi-esm1-2-hr_r1i1p1f1_w5e5_ssp126_tasmin_03_2041_2070_norm","deheson_C2",7.15000000000003,"03_2041","tasmin","ssp126"
"504","CHELSA_mpi-esm1-2-hr_r1i1p1f1_w5e5_ssp126_tasmin_03_2041_2070_norm","deheson_S7",6.95000000000005,"03_2041","tasmin","ssp126"
"505","CHELSA_mpi-esm1-2-hr_r1i1p1f1_w5e5_ssp126_tasmin_03_2041_2070_norm","deheson_C5",7.05000000000001,"03_2041","tasmin","ssp126"
"506","CHELSA_mpi-esm1-2-hr_r1i1p1f1_w5e5_ssp126_tasmin_03_2041_2070_norm","deheson_W4",7.05000000000001,"03_2041","tasmin","ssp126"
"507","CHELSA_mpi-esm1-2-hr_r1i1p1f1_w5e5_ssp126_tasmin_03_2041_2070_norm","deheson_O6",7.05000000000001,"03_2041","tasmin","ssp126"
"508","CHELSA_mpi-esm1-2-hr_r1i1p1f1_w5e5_ssp126_tasmin_04_2041_2070_norm","atoquedo",8.15000000000003,"04_2041","tasmin","ssp126"
"509","CHELSA_mpi-esm1-2-hr_r1i1p1f1_w5e5_ssp126_tasmin_04_2041_2070_norm","la_cana",7.65000000000003,"04_2041","tasmin","ssp126"
"510","CHELSA_mpi-esm1-2-hr_r1i1p1f1_w5e5_ssp126_tasmin_04_2041_2070_norm","la_ciervina",8.15000000000003,"04_2041","tasmin","ssp126"
"511","CHELSA_mpi-esm1-2-hr_r1i1p1f1_w5e5_ssp126_tasmin_04_2041_2070_norm","las_casillas",8.75000000000006,"04_2041","tasmin","ssp126"
"512","CHELSA_mpi-esm1-2-hr_r1i1p1f1_w5e5_ssp126_tasmin_04_2041_2070_norm","la_villa",8.45000000000005,"04_2041","tasmin","ssp126"
"513","CHELSA_mpi-esm1-2-hr_r1i1p1f1_w5e5_ssp126_tasmin_04_2041_2070_norm","valdelacasa",8.85000000000002,"04_2041","tasmin","ssp126"
"514","CHELSA_mpi-esm1-2-hr_r1i1p1f1_w5e5_ssp126_tasmin_04_2041_2070_norm","deheson_S3",8.15000000000003,"04_2041","tasmin","ssp126"
"515","CHELSA_mpi-esm1-2-hr_r1i1p1f1_w5e5_ssp126_tasmin_04_2041_2070_norm","deheson_W1",8.15000000000003,"04_2041","tasmin","ssp126"
"516","CHELSA_mpi-esm1-2-hr_r1i1p1f1_w5e5_ssp126_tasmin_04_2041_2070_norm","deheson_C2",8.25000000000006,"04_2041","tasmin","ssp126"
"517","CHELSA_mpi-esm1-2-hr_r1i1p1f1_w5e5_ssp126_tasmin_04_2041_2070_norm","deheson_S7",8.05000000000001,"04_2041","tasmin","ssp126"
"518","CHELSA_mpi-esm1-2-hr_r1i1p1f1_w5e5_ssp126_tasmin_04_2041_2070_norm","deheson_C5",8.15000000000003,"04_2041","tasmin","ssp126"
"519","CHELSA_mpi-esm1-2-hr_r1i1p1f1_w5e5_ssp126_tasmin_04_2041_2070_norm","deheson_W4",8.25000000000006,"04_2041","tasmin","ssp126"
"520","CHELSA_mpi-esm1-2-hr_r1i1p1f1_w5e5_ssp126_tasmin_04_2041_2070_norm","deheson_O6",8.15000000000003,"04_2041","tasmin","ssp126"
"521","CHELSA_mpi-esm1-2-hr_r1i1p1f1_w5e5_ssp126_tasmin_05_2041_2070_norm","atoquedo",12.45,"05_2041","tasmin","ssp126"
"522","CHELSA_mpi-esm1-2-hr_r1i1p1f1_w5e5_ssp126_tasmin_05_2041_2070_norm","la_cana",11.95,"05_2041","tasmin","ssp126"
"523","CHELSA_mpi-esm1-2-hr_r1i1p1f1_w5e5_ssp126_tasmin_05_2041_2070_norm","la_ciervina",12.45,"05_2041","tasmin","ssp126"
"524","CHELSA_mpi-esm1-2-hr_r1i1p1f1_w5e5_ssp126_tasmin_05_2041_2070_norm","las_casillas",12.85,"05_2041","tasmin","ssp126"
"525","CHELSA_mpi-esm1-2-hr_r1i1p1f1_w5e5_ssp126_tasmin_05_2041_2070_norm","la_villa",12.55,"05_2041","tasmin","ssp126"
"526","CHELSA_mpi-esm1-2-hr_r1i1p1f1_w5e5_ssp126_tasmin_05_2041_2070_norm","valdelacasa",13.2500000000001,"05_2041","tasmin","ssp126"
"527","CHELSA_mpi-esm1-2-hr_r1i1p1f1_w5e5_ssp126_tasmin_05_2041_2070_norm","deheson_S3",12.95,"05_2041","tasmin","ssp126"
"528","CHELSA_mpi-esm1-2-hr_r1i1p1f1_w5e5_ssp126_tasmin_05_2041_2070_norm","deheson_W1",12.95,"05_2041","tasmin","ssp126"
"529","CHELSA_mpi-esm1-2-hr_r1i1p1f1_w5e5_ssp126_tasmin_05_2041_2070_norm","deheson_C2",13.05,"05_2041","tasmin","ssp126"
"530","CHELSA_mpi-esm1-2-hr_r1i1p1f1_w5e5_ssp126_tasmin_05_2041_2070_norm","deheson_S7",12.95,"05_2041","tasmin","ssp126"
"531","CHELSA_mpi-esm1-2-hr_r1i1p1f1_w5e5_ssp126_tasmin_05_2041_2070_norm","deheson_C5",13.05,"05_2041","tasmin","ssp126"
"532","CHELSA_mpi-esm1-2-hr_r1i1p1f1_w5e5_ssp126_tasmin_05_2041_2070_norm","deheson_W4",13.05,"05_2041","tasmin","ssp126"
"533","CHELSA_mpi-esm1-2-hr_r1i1p1f1_w5e5_ssp126_tasmin_05_2041_2070_norm","deheson_O6",13.05,"05_2041","tasmin","ssp126"
"534","CHELSA_mpi-esm1-2-hr_r1i1p1f1_w5e5_ssp126_tasmin_06_2041_2070_norm","atoquedo",17.7500000000001,"06_2041","tasmin","ssp126"
"535","CHELSA_mpi-esm1-2-hr_r1i1p1f1_w5e5_ssp126_tasmin_06_2041_2070_norm","la_cana",17.05,"06_2041","tasmin","ssp126"
"536","CHELSA_mpi-esm1-2-hr_r1i1p1f1_w5e5_ssp126_tasmin_06_2041_2070_norm","la_ciervina",17.55,"06_2041","tasmin","ssp126"
"537","CHELSA_mpi-esm1-2-hr_r1i1p1f1_w5e5_ssp126_tasmin_06_2041_2070_norm","las_casillas",17.95,"06_2041","tasmin","ssp126"
"538","CHELSA_mpi-esm1-2-hr_r1i1p1f1_w5e5_ssp126_tasmin_06_2041_2070_norm","la_villa",17.55,"06_2041","tasmin","ssp126"
"539","CHELSA_mpi-esm1-2-hr_r1i1p1f1_w5e5_ssp126_tasmin_06_2041_2070_norm","valdelacasa",18.35,"06_2041","tasmin","ssp126"
"540","CHELSA_mpi-esm1-2-hr_r1i1p1f1_w5e5_ssp126_tasmin_06_2041_2070_norm","deheson_S3",18.2500000000001,"06_2041","tasmin","ssp126"
"541","CHELSA_mpi-esm1-2-hr_r1i1p1f1_w5e5_ssp126_tasmin_06_2041_2070_norm","deheson_W1",18.15,"06_2041","tasmin","ssp126"
"542","CHELSA_mpi-esm1-2-hr_r1i1p1f1_w5e5_ssp126_tasmin_06_2041_2070_norm","deheson_C2",18.35,"06_2041","tasmin","ssp126"
"543","CHELSA_mpi-esm1-2-hr_r1i1p1f1_w5e5_ssp126_tasmin_06_2041_2070_norm","deheson_S7",18.2500000000001,"06_2041","tasmin","ssp126"
"544","CHELSA_mpi-esm1-2-hr_r1i1p1f1_w5e5_ssp126_tasmin_06_2041_2070_norm","deheson_C5",18.35,"06_2041","tasmin","ssp126"
"545","CHELSA_mpi-esm1-2-hr_r1i1p1f1_w5e5_ssp126_tasmin_06_2041_2070_norm","deheson_W4",18.35,"06_2041","tasmin","ssp126"
"546","CHELSA_mpi-esm1-2-hr_r1i1p1f1_w5e5_ssp126_tasmin_06_2041_2070_norm","deheson_O6",18.35,"06_2041","tasmin","ssp126"
"547","CHELSA_mpi-esm1-2-hr_r1i1p1f1_w5e5_ssp126_tasmin_07_2041_2070_norm","atoquedo",20.85,"07_2041","tasmin","ssp126"
"548","CHELSA_mpi-esm1-2-hr_r1i1p1f1_w5e5_ssp126_tasmin_07_2041_2070_norm","la_cana",20.15,"07_2041","tasmin","ssp126"
"549","CHELSA_mpi-esm1-2-hr_r1i1p1f1_w5e5_ssp126_tasmin_07_2041_2070_norm","la_ciervina",20.65,"07_2041","tasmin","ssp126"
"550","CHELSA_mpi-esm1-2-hr_r1i1p1f1_w5e5_ssp126_tasmin_07_2041_2070_norm","las_casillas",21.15,"07_2041","tasmin","ssp126"
"551","CHELSA_mpi-esm1-2-hr_r1i1p1f1_w5e5_ssp126_tasmin_07_2041_2070_norm","la_villa",20.85,"07_2041","tasmin","ssp126"
"552","CHELSA_mpi-esm1-2-hr_r1i1p1f1_w5e5_ssp126_tasmin_07_2041_2070_norm","valdelacasa",21.85,"07_2041","tasmin","ssp126"
"553","CHELSA_mpi-esm1-2-hr_r1i1p1f1_w5e5_ssp126_tasmin_07_2041_2070_norm","deheson_S3",21.7500000000001,"07_2041","tasmin","ssp126"
"554","CHELSA_mpi-esm1-2-hr_r1i1p1f1_w5e5_ssp126_tasmin_07_2041_2070_norm","deheson_W1",21.7500000000001,"07_2041","tasmin","ssp126"
"555","CHELSA_mpi-esm1-2-hr_r1i1p1f1_w5e5_ssp126_tasmin_07_2041_2070_norm","deheson_C2",21.85,"07_2041","tasmin","ssp126"
"556","CHELSA_mpi-esm1-2-hr_r1i1p1f1_w5e5_ssp126_tasmin_07_2041_2070_norm","deheson_S7",21.7500000000001,"07_2041","tasmin","ssp126"
"557","CHELSA_mpi-esm1-2-hr_r1i1p1f1_w5e5_ssp126_tasmin_07_2041_2070_norm","deheson_C5",21.85,"07_2041","tasmin","ssp126"
"558","CHELSA_mpi-esm1-2-hr_r1i1p1f1_w5e5_ssp126_tasmin_07_2041_2070_norm","deheson_W4",21.85,"07_2041","tasmin","ssp126"
"559","CHELSA_mpi-esm1-2-hr_r1i1p1f1_w5e5_ssp126_tasmin_07_2041_2070_norm","deheson_O6",21.85,"07_2041","tasmin","ssp126"
"560","CHELSA_mpi-esm1-2-hr_r1i1p1f1_w5e5_ssp126_tasmin_08_2041_2070_norm","atoquedo",20.55,"08_2041","tasmin","ssp126"
"561","CHELSA_mpi-esm1-2-hr_r1i1p1f1_w5e5_ssp126_tasmin_08_2041_2070_norm","la_cana",19.95,"08_2041","tasmin","ssp126"
"562","CHELSA_mpi-esm1-2-hr_r1i1p1f1_w5e5_ssp126_tasmin_08_2041_2070_norm","la_ciervina",20.45,"08_2041","tasmin","ssp126"
"563","CHELSA_mpi-esm1-2-hr_r1i1p1f1_w5e5_ssp126_tasmin_08_2041_2070_norm","las_casillas",20.95,"08_2041","tasmin","ssp126"
"564","CHELSA_mpi-esm1-2-hr_r1i1p1f1_w5e5_ssp126_tasmin_08_2041_2070_norm","la_villa",20.65,"08_2041","tasmin","ssp126"
"565","CHELSA_mpi-esm1-2-hr_r1i1p1f1_w5e5_ssp126_tasmin_08_2041_2070_norm","valdelacasa",21.45,"08_2041","tasmin","ssp126"
"566","CHELSA_mpi-esm1-2-hr_r1i1p1f1_w5e5_ssp126_tasmin_08_2041_2070_norm","deheson_S3",21.45,"08_2041","tasmin","ssp126"
"567","CHELSA_mpi-esm1-2-hr_r1i1p1f1_w5e5_ssp126_tasmin_08_2041_2070_norm","deheson_W1",21.45,"08_2041","tasmin","ssp126"
"568","CHELSA_mpi-esm1-2-hr_r1i1p1f1_w5e5_ssp126_tasmin_08_2041_2070_norm","deheson_C2",21.55,"08_2041","tasmin","ssp126"
"569","CHELSA_mpi-esm1-2-hr_r1i1p1f1_w5e5_ssp126_tasmin_08_2041_2070_norm","deheson_S7",21.45,"08_2041","tasmin","ssp126"
"570","CHELSA_mpi-esm1-2-hr_r1i1p1f1_w5e5_ssp126_tasmin_08_2041_2070_norm","deheson_C5",21.55,"08_2041","tasmin","ssp126"
"571","CHELSA_mpi-esm1-2-hr_r1i1p1f1_w5e5_ssp126_tasmin_08_2041_2070_norm","deheson_W4",21.55,"08_2041","tasmin","ssp126"
"572","CHELSA_mpi-esm1-2-hr_r1i1p1f1_w5e5_ssp126_tasmin_08_2041_2070_norm","deheson_O6",21.55,"08_2041","tasmin","ssp126"
"573","CHELSA_mpi-esm1-2-hr_r1i1p1f1_w5e5_ssp126_tasmin_09_2041_2070_norm","atoquedo",17.45,"09_2041","tasmin","ssp126"
"574","CHELSA_mpi-esm1-2-hr_r1i1p1f1_w5e5_ssp126_tasmin_09_2041_2070_norm","la_cana",17.05,"09_2041","tasmin","ssp126"
"575","CHELSA_mpi-esm1-2-hr_r1i1p1f1_w5e5_ssp126_tasmin_09_2041_2070_norm","la_ciervina",17.45,"09_2041","tasmin","ssp126"
"576","CHELSA_mpi-esm1-2-hr_r1i1p1f1_w5e5_ssp126_tasmin_09_2041_2070_norm","las_casillas",17.95,"09_2041","tasmin","ssp126"
"577","CHELSA_mpi-esm1-2-hr_r1i1p1f1_w5e5_ssp126_tasmin_09_2041_2070_norm","la_villa",17.65,"09_2041","tasmin","ssp126"
"578","CHELSA_mpi-esm1-2-hr_r1i1p1f1_w5e5_ssp126_tasmin_09_2041_2070_norm","valdelacasa",18.2500000000001,"09_2041","tasmin","ssp126"
"579","CHELSA_mpi-esm1-2-hr_r1i1p1f1_w5e5_ssp126_tasmin_09_2041_2070_norm","deheson_S3",17.7500000000001,"09_2041","tasmin","ssp126"
"580","CHELSA_mpi-esm1-2-hr_r1i1p1f1_w5e5_ssp126_tasmin_09_2041_2070_norm","deheson_W1",17.7500000000001,"09_2041","tasmin","ssp126"
"581","CHELSA_mpi-esm1-2-hr_r1i1p1f1_w5e5_ssp126_tasmin_09_2041_2070_norm","deheson_C2",17.95,"09_2041","tasmin","ssp126"
"582","CHELSA_mpi-esm1-2-hr_r1i1p1f1_w5e5_ssp126_tasmin_09_2041_2070_norm","deheson_S7",17.7500000000001,"09_2041","tasmin","ssp126"
"583","CHELSA_mpi-esm1-2-hr_r1i1p1f1_w5e5_ssp126_tasmin_09_2041_2070_norm","deheson_C5",17.85,"09_2041","tasmin","ssp126"
"584","CHELSA_mpi-esm1-2-hr_r1i1p1f1_w5e5_ssp126_tasmin_09_2041_2070_norm","deheson_W4",17.85,"09_2041","tasmin","ssp126"
"585","CHELSA_mpi-esm1-2-hr_r1i1p1f1_w5e5_ssp126_tasmin_09_2041_2070_norm","deheson_O6",17.85,"09_2041","tasmin","ssp126"
"586","CHELSA_mpi-esm1-2-hr_r1i1p1f1_w5e5_ssp126_tasmin_10_2041_2070_norm","atoquedo",13.2500000000001,"10_2041","tasmin","ssp126"
"587","CHELSA_mpi-esm1-2-hr_r1i1p1f1_w5e5_ssp126_tasmin_10_2041_2070_norm","la_cana",12.95,"10_2041","tasmin","ssp126"
"588","CHELSA_mpi-esm1-2-hr_r1i1p1f1_w5e5_ssp126_tasmin_10_2041_2070_norm","la_ciervina",13.35,"10_2041","tasmin","ssp126"
"589","CHELSA_mpi-esm1-2-hr_r1i1p1f1_w5e5_ssp126_tasmin_10_2041_2070_norm","las_casillas",13.95,"10_2041","tasmin","ssp126"
"590","CHELSA_mpi-esm1-2-hr_r1i1p1f1_w5e5_ssp126_tasmin_10_2041_2070_norm","la_villa",13.45,"10_2041","tasmin","ssp126"
"591","CHELSA_mpi-esm1-2-hr_r1i1p1f1_w5e5_ssp126_tasmin_10_2041_2070_norm","valdelacasa",13.65,"10_2041","tasmin","ssp126"
"592","CHELSA_mpi-esm1-2-hr_r1i1p1f1_w5e5_ssp126_tasmin_10_2041_2070_norm","deheson_S3",13.15,"10_2041","tasmin","ssp126"
"593","CHELSA_mpi-esm1-2-hr_r1i1p1f1_w5e5_ssp126_tasmin_10_2041_2070_norm","deheson_W1",13.15,"10_2041","tasmin","ssp126"
"594","CHELSA_mpi-esm1-2-hr_r1i1p1f1_w5e5_ssp126_tasmin_10_2041_2070_norm","deheson_C2",13.2500000000001,"10_2041","tasmin","ssp126"
"595","CHELSA_mpi-esm1-2-hr_r1i1p1f1_w5e5_ssp126_tasmin_10_2041_2070_norm","deheson_S7",13.15,"10_2041","tasmin","ssp126"
"596","CHELSA_mpi-esm1-2-hr_r1i1p1f1_w5e5_ssp126_tasmin_10_2041_2070_norm","deheson_C5",13.2500000000001,"10_2041","tasmin","ssp126"
"597","CHELSA_mpi-esm1-2-hr_r1i1p1f1_w5e5_ssp126_tasmin_10_2041_2070_norm","deheson_W4",13.2500000000001,"10_2041","tasmin","ssp126"
"598","CHELSA_mpi-esm1-2-hr_r1i1p1f1_w5e5_ssp126_tasmin_10_2041_2070_norm","deheson_O6",13.2500000000001,"10_2041","tasmin","ssp126"
"599","CHELSA_mpi-esm1-2-hr_r1i1p1f1_w5e5_ssp126_tasmin_11_2041_2070_norm","atoquedo",8.05000000000001,"11_2041","tasmin","ssp126"
"600","CHELSA_mpi-esm1-2-hr_r1i1p1f1_w5e5_ssp126_tasmin_11_2041_2070_norm","la_cana",7.85000000000002,"11_2041","tasmin","ssp126"
"601","CHELSA_mpi-esm1-2-hr_r1i1p1f1_w5e5_ssp126_tasmin_11_2041_2070_norm","la_ciervina",8.15000000000003,"11_2041","tasmin","ssp126"
"602","CHELSA_mpi-esm1-2-hr_r1i1p1f1_w5e5_ssp126_tasmin_11_2041_2070_norm","las_casillas",8.75000000000006,"11_2041","tasmin","ssp126"
"603","CHELSA_mpi-esm1-2-hr_r1i1p1f1_w5e5_ssp126_tasmin_11_2041_2070_norm","la_villa",8.45000000000005,"11_2041","tasmin","ssp126"
"604","CHELSA_mpi-esm1-2-hr_r1i1p1f1_w5e5_ssp126_tasmin_11_2041_2070_norm","valdelacasa",8.45000000000005,"11_2041","tasmin","ssp126"
"605","CHELSA_mpi-esm1-2-hr_r1i1p1f1_w5e5_ssp126_tasmin_11_2041_2070_norm","deheson_S3",7.85000000000002,"11_2041","tasmin","ssp126"
"606","CHELSA_mpi-esm1-2-hr_r1i1p1f1_w5e5_ssp126_tasmin_11_2041_2070_norm","deheson_W1",7.85000000000002,"11_2041","tasmin","ssp126"
"607","CHELSA_mpi-esm1-2-hr_r1i1p1f1_w5e5_ssp126_tasmin_11_2041_2070_norm","deheson_C2",7.95000000000005,"11_2041","tasmin","ssp126"
"608","CHELSA_mpi-esm1-2-hr_r1i1p1f1_w5e5_ssp126_tasmin_11_2041_2070_norm","deheson_S7",7.85000000000002,"11_2041","tasmin","ssp126"
"609","CHELSA_mpi-esm1-2-hr_r1i1p1f1_w5e5_ssp126_tasmin_11_2041_2070_norm","deheson_C5",7.95000000000005,"11_2041","tasmin","ssp126"
"610","CHELSA_mpi-esm1-2-hr_r1i1p1f1_w5e5_ssp126_tasmin_11_2041_2070_norm","deheson_W4",7.95000000000005,"11_2041","tasmin","ssp126"
"611","CHELSA_mpi-esm1-2-hr_r1i1p1f1_w5e5_ssp126_tasmin_11_2041_2070_norm","deheson_O6",7.95000000000005,"11_2041","tasmin","ssp126"
"612","CHELSA_mpi-esm1-2-hr_r1i1p1f1_w5e5_ssp126_tasmin_12_2041_2070_norm","atoquedo",5.15000000000003,"12_2041","tasmin","ssp126"
"613","CHELSA_mpi-esm1-2-hr_r1i1p1f1_w5e5_ssp126_tasmin_12_2041_2070_norm","la_cana",5.05000000000001,"12_2041","tasmin","ssp126"
"614","CHELSA_mpi-esm1-2-hr_r1i1p1f1_w5e5_ssp126_tasmin_12_2041_2070_norm","la_ciervina",5.25000000000006,"12_2041","tasmin","ssp126"
"615","CHELSA_mpi-esm1-2-hr_r1i1p1f1_w5e5_ssp126_tasmin_12_2041_2070_norm","las_casillas",5.95000000000005,"12_2041","tasmin","ssp126"
"616","CHELSA_mpi-esm1-2-hr_r1i1p1f1_w5e5_ssp126_tasmin_12_2041_2070_norm","la_villa",5.45000000000005,"12_2041","tasmin","ssp126"
"617","CHELSA_mpi-esm1-2-hr_r1i1p1f1_w5e5_ssp126_tasmin_12_2041_2070_norm","valdelacasa",5.35000000000002,"12_2041","tasmin","ssp126"
"618","CHELSA_mpi-esm1-2-hr_r1i1p1f1_w5e5_ssp126_tasmin_12_2041_2070_norm","deheson_S3",4.95000000000005,"12_2041","tasmin","ssp126"
"619","CHELSA_mpi-esm1-2-hr_r1i1p1f1_w5e5_ssp126_tasmin_12_2041_2070_norm","deheson_W1",4.95000000000005,"12_2041","tasmin","ssp126"
"620","CHELSA_mpi-esm1-2-hr_r1i1p1f1_w5e5_ssp126_tasmin_12_2041_2070_norm","deheson_C2",5.05000000000001,"12_2041","tasmin","ssp126"
"621","CHELSA_mpi-esm1-2-hr_r1i1p1f1_w5e5_ssp126_tasmin_12_2041_2070_norm","deheson_S7",4.95000000000005,"12_2041","tasmin","ssp126"
"622","CHELSA_mpi-esm1-2-hr_r1i1p1f1_w5e5_ssp126_tasmin_12_2041_2070_norm","deheson_C5",4.95000000000005,"12_2041","tasmin","ssp126"
"623","CHELSA_mpi-esm1-2-hr_r1i1p1f1_w5e5_ssp126_tasmin_12_2041_2070_norm","deheson_W4",5.05000000000001,"12_2041","tasmin","ssp126"
"624","CHELSA_mpi-esm1-2-hr_r1i1p1f1_w5e5_ssp126_tasmin_12_2041_2070_norm","deheson_O6",4.95000000000005,"12_2041","tasmin","ssp126"
